areaType,areaName,areaCode,date,newPeopleVaccinatedFirstDoseByPublishDate,cumPeopleVaccinatedFirstDoseByPublishDate
nation,England,E92000001,2022-03-23,3959,44359520
nation,England,E92000001,2022-03-22,3080,44355561
nation,England,E92000001,2022-03-21,2925,44352481
nation,England,E92000001,2022-03-20,2792,44349556
nation,England,E92000001,2022-03-19,6006,44346764
nation,England,E92000001,2022-03-18,3517,44340758
nation,England,E92000001,2022-03-17,3358,44337241
nation,England,E92000001,2022-03-16,3653,44333883
nation,England,E92000001,2022-03-15,3820,44330230
nation,England,E92000001,2022-03-14,3030,44326410
nation,England,E92000001,2022-03-13,3396,44323380
nation,England,E92000001,2022-03-12,7487,44319984
nation,England,E92000001,2022-03-11,4084,44312497
nation,England,E92000001,2022-03-10,4116,44308413
nation,England,E92000001,2022-03-09,4552,44304297
nation,England,E92000001,2022-03-08,3914,44299745
nation,England,E92000001,2022-03-07,3966,44295831
nation,England,E92000001,2022-03-06,3378,44291865
nation,England,E92000001,2022-03-05,7383,44288487
nation,England,E92000001,2022-03-04,5755,44281104
nation,England,E92000001,2022-03-03,5760,44275349
nation,England,E92000001,2022-03-02,6756,44269589
nation,England,E92000001,2022-03-01,5166,44262833
nation,England,E92000001,2022-02-28,5095,44257667
nation,England,E92000001,2022-02-27,3879,44252572
nation,England,E92000001,2022-02-26,8259,44248693
nation,England,E92000001,2022-02-25,7068,44240434
nation,England,E92000001,2022-02-24,7066,44233366
nation,England,E92000001,2022-02-23,8063,44226300
nation,England,E92000001,2022-02-22,7503,44218237
nation,England,E92000001,2022-02-21,6376,44210734
nation,England,E92000001,2022-02-20,4371,44204358
nation,England,E92000001,2022-02-19,9637,44199987
nation,England,E92000001,2022-02-18,5160,44190350
nation,England,E92000001,2022-02-17,8110,44185190
nation,England,E92000001,2022-02-16,9896,44177080
nation,England,E92000001,2022-02-15,8127,44167184
nation,England,E92000001,2022-02-14,7095,44159057
nation,England,E92000001,2022-02-13,5847,44151962
nation,England,E92000001,2022-02-12,13647,44146115
nation,England,E92000001,2022-02-11,9858,44132468
nation,England,E92000001,2022-02-10,9989,44122610
nation,England,E92000001,2022-02-09,10207,44112621
nation,England,E92000001,2022-02-08,9731,44102414
nation,England,E92000001,2022-02-07,8920,44092683
nation,England,E92000001,2022-02-06,6030,44083763
nation,England,E92000001,2022-02-05,11946,44077733
nation,England,E92000001,2022-02-04,13583,44065787
nation,England,E92000001,2022-02-03,11780,44052204
nation,England,E92000001,2022-02-02,11084,44040424
nation,England,E92000001,2022-02-01,11152,44029340
nation,England,E92000001,2022-01-31,10282,44018188
nation,England,E92000001,2022-01-30,10058,44007906
nation,England,E92000001,2022-01-29,16477,43997848
nation,England,E92000001,2022-01-28,15185,43981371
nation,England,E92000001,2022-01-27,13989,43966186
nation,England,E92000001,2022-01-26,13789,43952197
nation,England,E92000001,2022-01-25,12356,43938408
nation,England,E92000001,2022-01-24,14931,43926052
nation,England,E92000001,2022-01-23,10514,43911121
nation,England,E92000001,2022-01-22,18308,43900607
nation,England,E92000001,2022-01-21,16025,43882299
nation,England,E92000001,2022-01-20,15285,43866274
nation,England,E92000001,2022-01-19,15408,43850989
nation,England,E92000001,2022-01-18,16010,43835581
nation,England,E92000001,2022-01-17,13819,43819571
nation,England,E92000001,2022-01-16,15345,43805752
nation,England,E92000001,2022-01-15,25451,43790407
nation,England,E92000001,2022-01-14,18405,43764956
nation,England,E92000001,2022-01-13,18101,43746551
nation,England,E92000001,2022-01-12,17112,43728450
nation,England,E92000001,2022-01-11,16827,43711338
nation,England,E92000001,2022-01-10,15755,43694511
nation,England,E92000001,2022-01-09,19373,43678756
nation,England,E92000001,2022-01-08,29231,43659383
nation,England,E92000001,2022-01-07,20352,43630152
nation,England,E92000001,2022-01-06,20102,43609800
nation,England,E92000001,2022-01-05,22233,43589698
nation,England,E92000001,2022-01-04,22307,43567465
nation,England,E92000001,2022-01-03,17260,43545158
nation,England,E92000001,2022-01-02,11797,43527898
nation,England,E92000001,2022-01-01,2203,43516101
nation,England,E92000001,2021-12-31,14380,43513898
nation,England,E92000001,2021-12-30,30432,43499518
nation,England,E92000001,2021-12-29,30008,43469086
nation,England,E92000001,2021-12-28,21549,43439078
nation,England,E92000001,2021-12-27,15766,43417529
nation,England,E92000001,2021-12-26,1809,43401763
nation,England,E92000001,2021-12-25,955,43399954
nation,England,E92000001,2021-12-24,10452,43398999
nation,England,E92000001,2021-12-23,29980,43388547
nation,England,E92000001,2021-12-22,35657,43358567
nation,England,E92000001,2021-12-21,36309,43322910
nation,England,E92000001,2021-12-20,36092,43286601
nation,England,E92000001,2021-12-19,30298,43250509
nation,England,E92000001,2021-12-18,35141,43220211
nation,England,E92000001,2021-12-17,29563,43185070
nation,England,E92000001,2021-12-16,29554,43155507
nation,England,E92000001,2021-12-15,24607,43125953
nation,England,E92000001,2021-12-14,30807,43101346
nation,England,E92000001,2021-12-13,19270,43070539
nation,England,E92000001,2021-12-12,19197,43051269
nation,England,E92000001,2021-12-11,23546,43032072
nation,England,E92000001,2021-12-10,19343,43008526
nation,England,E92000001,2021-12-09,20751,42989183
nation,England,E92000001,2021-12-08,18337,42968432
nation,England,E92000001,2021-12-07,19228,42950095
nation,England,E92000001,2021-12-06,17537,42930867
nation,England,E92000001,2021-12-05,16008,42913330
nation,England,E92000001,2021-12-04,24789,42897322
nation,England,E92000001,2021-12-03,20806,42872533
nation,England,E92000001,2021-12-02,22731,42851727
nation,England,E92000001,2021-12-01,22406,42828996
nation,England,E92000001,2021-11-30,27138,42806590
nation,England,E92000001,2021-11-29,19496,42779452
nation,England,E92000001,2021-11-28,15301,42759956
nation,England,E92000001,2021-11-27,21362,42744655
nation,England,E92000001,2021-11-26,19098,42723293
nation,England,E92000001,2021-11-25,20677,42704195
nation,England,E92000001,2021-11-24,21775,42683518
nation,England,E92000001,2021-11-23,23445,42661743
nation,England,E92000001,2021-11-22,20665,42638298
nation,England,E92000001,2021-11-21,14066,42617633
nation,England,E92000001,2021-11-20,23350,42603567
nation,England,E92000001,2021-11-19,24413,42580217
nation,England,E92000001,2021-11-18,24034,42555804
nation,England,E92000001,2021-11-17,28332,42531770
nation,England,E92000001,2021-11-16,27258,42503438
nation,England,E92000001,2021-11-15,27672,42476180
nation,England,E92000001,2021-11-14,18296,42448508
nation,England,E92000001,2021-11-13,30618,42430212
nation,England,E92000001,2021-11-12,31649,42399594
nation,England,E92000001,2021-11-11,34640,42367945
nation,England,E92000001,2021-11-10,115551,42333305
nation,England,E92000001,2021-11-09,36321,42217754
nation,England,E92000001,2021-11-08,30386,42181433
nation,England,E92000001,2021-11-07,22430,42151047
nation,England,E92000001,2021-11-06,33721,42128617
nation,England,E92000001,2021-11-05,40573,42094896
nation,England,E92000001,2021-11-04,40075,42054323
nation,England,E92000001,2021-11-03,42413,42014248
nation,England,E92000001,2021-11-02,43508,41971835
nation,England,E92000001,2021-11-01,34642,41928327
nation,England,E92000001,2021-10-31,22954,41893685
nation,England,E92000001,2021-10-30,31157,41870731
nation,England,E92000001,2021-10-29,36561,41839574
nation,England,E92000001,2021-10-28,39397,41803013
nation,England,E92000001,2021-10-27,39964,41763616
nation,England,E92000001,2021-10-26,35780,41723652
nation,England,E92000001,2021-10-25,32032,41687872
nation,England,E92000001,2021-10-24,19607,41655840
nation,England,E92000001,2021-10-23,32220,41636233
nation,England,E92000001,2021-10-22,41732,41604013
nation,England,E92000001,2021-10-21,44558,41562281
nation,England,E92000001,2021-10-20,44521,41517723
nation,England,E92000001,2021-10-19,38533,41473202
nation,England,E92000001,2021-10-18,35334,41434669
nation,England,E92000001,2021-10-17,9839,41399335
nation,England,E92000001,2021-10-16,19735,41389496
nation,England,E92000001,2021-10-15,35884,41369761
nation,England,E92000001,2021-10-14,38185,41333877
nation,England,E92000001,2021-10-13,32315,41295692
nation,England,E92000001,2021-10-12,30636,41263377
nation,England,E92000001,2021-10-11,23232,41232741
nation,England,E92000001,2021-10-10,9111,41209509
nation,England,E92000001,2021-10-09,18438,41200398
nation,England,E92000001,2021-10-08,25536,41181960
nation,England,E92000001,2021-10-07,25319,41156424
nation,England,E92000001,2021-10-06,24519,41131105
nation,England,E92000001,2021-10-05,35193,41106586
nation,England,E92000001,2021-10-04,30784,41071393
nation,England,E92000001,2021-10-03,10720,41040609
nation,England,E92000001,2021-10-02,18736,41029889
nation,England,E92000001,2021-10-01,31978,41011153
nation,England,E92000001,2021-09-30,28689,40979175
nation,England,E92000001,2021-09-29,27445,40950486
nation,England,E92000001,2021-09-28,28566,40923041
nation,England,E92000001,2021-09-27,20704,40894475
nation,England,E92000001,2021-09-26,8814,40873771
nation,England,E92000001,2021-09-25,17607,40864957
nation,England,E92000001,2021-09-24,21866,40847350
nation,England,E92000001,2021-09-23,21588,40825484
nation,England,E92000001,2021-09-22,18462,40803896
nation,England,E92000001,2021-09-21,16924,40785434
nation,England,E92000001,2021-09-20,15669,40768510
nation,England,E92000001,2021-09-19,10344,40752841
nation,England,E92000001,2021-09-18,21628,40742497
nation,England,E92000001,2021-09-17,17351,40720869
nation,England,E92000001,2021-09-16,18974,40703518
nation,England,E92000001,2021-09-15,20120,40684544
nation,England,E92000001,2021-09-14,17708,40664424
nation,England,E92000001,2021-09-13,15511,40646716
nation,England,E92000001,2021-09-12,11724,40631205
nation,England,E92000001,2021-09-11,23925,40619481
nation,England,E92000001,2021-09-10,21879,40595556
nation,England,E92000001,2021-09-09,22006,40573677
nation,England,E92000001,2021-09-08,20409,40551671
nation,England,E92000001,2021-09-07,22866,40531262
nation,England,E92000001,2021-09-06,18277,40508396
nation,England,E92000001,2021-09-05,15892,40490119
nation,England,E92000001,2021-09-04,33987,40474227
nation,England,E92000001,2021-09-03,29614,40440240
nation,England,E92000001,2021-09-02,33775,40410626
nation,England,E92000001,2021-09-01,37829,40376851
nation,England,E92000001,2021-08-31,34618,40339022
nation,England,E92000001,2021-08-30,15530,40304404
nation,England,E92000001,2021-08-29,20547,40288874
nation,England,E92000001,2021-08-28,37991,40268327
nation,England,E92000001,2021-08-27,38392,40230336
nation,England,E92000001,2021-08-26,46165,40191944
nation,England,E92000001,2021-08-25,57563,40145779
nation,England,E92000001,2021-08-24,45945,40088216
nation,England,E92000001,2021-08-23,37974,40042271
nation,England,E92000001,2021-08-22,32424,40004297
nation,England,E92000001,2021-08-21,61187,39971873
nation,England,E92000001,2021-08-20,51538,39910686
nation,England,E92000001,2021-08-19,47632,39859148
nation,England,E92000001,2021-08-18,39721,39811516
nation,England,E92000001,2021-08-17,33478,39771795
nation,England,E92000001,2021-08-16,28992,39738317
nation,England,E92000001,2021-08-15,24829,39709325
nation,England,E92000001,2021-08-14,39423,39684496
nation,England,E92000001,2021-08-13,32476,39645073
nation,England,E92000001,2021-08-12,35082,39612597
nation,England,E92000001,2021-08-11,33164,39577515
nation,England,E92000001,2021-08-10,28314,39544351
nation,England,E92000001,2021-08-09,20933,39516037
nation,England,E92000001,2021-08-08,18607,39495104
nation,England,E92000001,2021-08-07,33159,39476497
nation,England,E92000001,2021-08-06,27032,39443338
nation,England,E92000001,2021-08-05,30986,39416306
nation,England,E92000001,2021-08-04,28780,39385320
nation,England,E92000001,2021-08-03,24874,39356540
nation,England,E92000001,2021-08-02,22454,39331666
nation,England,E92000001,2021-08-01,18545,39309212
nation,England,E92000001,2021-07-31,32892,39290667
nation,England,E92000001,2021-07-30,30683,39257775
nation,England,E92000001,2021-07-29,35751,39227092
nation,England,E92000001,2021-07-28,32492,39191341
nation,England,E92000001,2021-07-27,29182,39158849
nation,England,E92000001,2021-07-26,25220,39129667
nation,England,E92000001,2021-07-25,20382,39104447
nation,England,E92000001,2021-07-24,38958,39084065
nation,England,E92000001,2021-07-23,37888,39045107
nation,England,E92000001,2021-07-22,39457,39007219
nation,England,E92000001,2021-07-21,38826,38967762
nation,England,E92000001,2021-07-20,33657,38928936
nation,England,E92000001,2021-07-19,31469,38895279
nation,England,E92000001,2021-07-18,27654,38863810
nation,England,E92000001,2021-07-17,59268,38836156
nation,England,E92000001,2021-07-16,50247,38776888
nation,England,E92000001,2021-07-15,52493,38726641
nation,England,E92000001,2021-07-14,50005,38674148
nation,England,E92000001,2021-07-13,49756,38624143
nation,England,E92000001,2021-07-12,45184,38574387
nation,England,E92000001,2021-07-11,33937,38529203
nation,England,E92000001,2021-07-10,82150,38495266
nation,England,E92000001,2021-07-09,77955,38413116
nation,England,E92000001,2021-07-08,82807,38335161
nation,England,E92000001,2021-07-07,72814,38252354
nation,England,E92000001,2021-07-06,71524,38179540
nation,England,E92000001,2021-07-05,63859,38108016
nation,England,E92000001,2021-07-04,62672,38044157
nation,England,E92000001,2021-07-03,121588,37981485
nation,England,E92000001,2021-07-02,107959,37859897
nation,England,E92000001,2021-07-01,133675,37751938
nation,England,E92000001,2021-06-30,120497,37618263
nation,England,E92000001,2021-06-29,115376,37497766
nation,England,E92000001,2021-06-28,106496,37382390
nation,England,E92000001,2021-06-27,118366,37275894
nation,England,E92000001,2021-06-26,212685,37157528
nation,England,E92000001,2021-06-25,177515,36944843
nation,England,E92000001,2021-06-24,202390,36767328
nation,England,E92000001,2021-06-23,187513,36564938
nation,England,E92000001,2021-06-22,275647,36377425
nation,England,E92000001,2021-06-21,0,36101778
nation,England,E92000001,2021-06-20,142223,36101778
nation,England,E92000001,2021-06-19,255393,35959555
nation,England,E92000001,2021-06-18,196246,35704162
nation,England,E92000001,2021-06-17,217157,35507916
nation,England,E92000001,2021-06-16,170367,35290759
nation,England,E92000001,2021-06-15,154647,35120392
nation,England,E92000001,2021-06-14,114606,34965745
nation,England,E92000001,2021-06-13,123866,34851139
nation,England,E92000001,2021-06-12,228144,34727273
nation,England,E92000001,2021-06-11,177139,34499129
nation,England,E92000001,2021-06-10,173443,34321990
nation,England,E92000001,2021-06-09,149733,34148547
nation,England,E92000001,2021-06-08,109068,33998814
nation,England,E92000001,2021-06-07,89639,33889746
nation,England,E92000001,2021-06-06,99621,33800107
nation,England,E92000001,2021-06-05,175001,33700486
nation,England,E92000001,2021-06-04,150337,33525485
nation,England,E92000001,2021-06-03,157335,33375148
nation,England,E92000001,2021-06-02,132668,33217813
nation,England,E92000001,2021-06-01,75701,33085145
nation,England,E92000001,2021-05-31,70948,33009444
nation,England,E92000001,2021-05-30,99213,32938496
nation,England,E92000001,2021-05-29,155467,32839283
nation,England,E92000001,2021-05-28,174622,32683816
nation,England,E92000001,2021-05-27,223510,32509194
nation,England,E92000001,2021-05-26,206311,32285684
nation,England,E92000001,2021-05-25,157084,32079373
nation,England,E92000001,2021-05-24,95484,31922289
nation,England,E92000001,2021-05-23,101708,31826805
nation,England,E92000001,2021-05-22,178251,31725097
nation,England,E92000001,2021-05-21,192008,31546846
nation,England,E92000001,2021-05-20,234818,31354838
nation,England,E92000001,2021-05-19,235979,31120020
nation,England,E92000001,2021-05-18,154621,30884041
nation,England,E92000001,2021-05-17,85946,30729420
nation,England,E92000001,2021-05-16,105520,30643474
nation,England,E92000001,2021-05-15,205962,30537954
nation,England,E92000001,2021-05-14,185059,30331992
nation,England,E92000001,2021-05-13,173820,30146933
nation,England,E92000001,2021-05-12,146934,29973113
nation,England,E92000001,2021-05-11,98515,29826179
nation,England,E92000001,2021-05-10,76110,29727664
nation,England,E92000001,2021-05-09,73338,29651554
nation,England,E92000001,2021-05-08,137003,29578216
nation,England,E92000001,2021-05-07,107518,29441213
nation,England,E92000001,2021-05-06,101594,29333695
nation,England,E92000001,2021-05-05,107791,29232101
nation,England,E92000001,2021-05-04,99261,29124310
nation,England,E92000001,2021-05-03,59113,29025049
nation,England,E92000001,2021-05-02,70777,28965936
nation,England,E92000001,2021-05-01,123619,28895159
nation,England,E92000001,2021-04-30,115366,28771540
nation,England,E92000001,2021-04-29,110976,28656174
nation,England,E92000001,2021-04-28,103352,28545198
nation,England,E92000001,2021-04-27,85067,28441846
nation,England,E92000001,2021-04-26,67483,28356779
nation,England,E92000001,2021-04-25,61586,28289296
nation,England,E92000001,2021-04-24,124858,28227710
nation,England,E92000001,2021-04-23,107656,28102852
nation,England,E92000001,2021-04-22,103988,27995196
nation,England,E92000001,2021-04-21,92703,27891208
nation,England,E92000001,2021-04-20,84871,27798505
nation,England,E92000001,2021-04-19,85055,27713634
nation,England,E92000001,2021-04-18,69198,27628579
nation,England,E92000001,2021-04-17,112095,27559381
nation,England,E92000001,2021-04-16,102280,27447286
nation,England,E92000001,2021-04-15,93587,27345006
nation,England,E92000001,2021-04-14,79117,27251419
nation,England,E92000001,2021-04-13,39361,27172302
nation,England,E92000001,2021-04-12,25351,27132941
nation,England,E92000001,2021-04-11,36599,27107590
nation,England,E92000001,2021-04-10,74055,27070991
nation,England,E92000001,2021-04-09,62274,26996936
nation,England,E92000001,2021-04-08,55539,26934662
nation,England,E92000001,2021-04-07,58962,26879123
nation,England,E92000001,2021-04-06,54296,26820161
nation,England,E92000001,2021-04-05,19826,26765865
nation,England,E92000001,2021-04-04,26617,26746039
nation,England,E92000001,2021-04-03,74512,26719422
nation,England,E92000001,2021-04-02,68281,26644910
nation,England,E92000001,2021-04-01,122410,26576629
nation,England,E92000001,2021-03-31,188045,26454219
nation,England,E92000001,2021-03-30,176063,26266174
nation,England,E92000001,2021-03-29,186329,26090111
nation,England,E92000001,2021-03-28,252376,25903782
nation,England,E92000001,2021-03-27,367393,25651406
nation,England,E92000001,2021-03-26,344008,25284013
nation,England,E92000001,2021-03-25,258050,24940005
nation,England,E92000001,2021-03-24,275881,24681955
nation,England,E92000001,2021-03-23,268651,24406074
nation,England,E92000001,2021-03-22,282561,24137423
nation,England,E92000001,2021-03-21,295359,23854862
nation,England,E92000001,2021-03-20,686424,23559503
nation,England,E92000001,2021-03-19,535489,22873079
nation,England,E92000001,2021-03-18,451465,22337590
nation,England,E92000001,2021-03-17,392769,21886125
nation,England,E92000001,2021-03-16,370842,21493356
nation,England,E92000001,2021-03-15,330676,21122514
nation,England,E92000001,2021-03-14,223017,20791838
nation,England,E92000001,2021-03-13,457632,20568821
nation,England,E92000001,2021-03-12,312716,20111189
nation,England,E92000001,2021-03-11,211393,19798473
nation,England,E92000001,2021-03-10,206720,19587080
nation,England,E92000001,2021-03-09,181127,19380360
nation,England,E92000001,2021-03-08,183736,19199233
nation,England,E92000001,2021-03-07,140108,19015497
nation,England,E92000001,2021-03-06,383618,18875389
nation,England,E92000001,2021-03-05,385681,18491771
nation,England,E92000001,2021-03-04,320388,18106090
nation,England,E92000001,2021-03-03,231002,17785702
nation,England,E92000001,2021-03-02,181316,17554700
nation,England,E92000001,2021-03-01,160580,17373384
nation,England,E92000001,2021-02-28,161559,17212804
nation,England,E92000001,2021-02-27,371364,17051245
nation,England,E92000001,2021-02-26,452777,16679881
nation,England,E92000001,2021-02-25,432112,16227104
nation,England,E92000001,2021-02-24,396937,15794992
nation,England,E92000001,2021-02-23,284897,15398055
nation,England,E92000001,2021-02-22,155084,15113158
nation,England,E92000001,2021-02-21,113987,14958074
nation,England,E92000001,2021-02-20,306109,14844087
nation,England,E92000001,2021-02-19,323802,14537978
nation,England,E92000001,2021-02-18,396262,14214176
nation,England,E92000001,2021-02-17,422576,13817914
nation,England,E92000001,2021-02-16,312669,13395338
nation,England,E92000001,2021-02-15,219760,13082669
nation,England,E92000001,2021-02-14,187246,12862909
nation,England,E92000001,2021-02-13,429497,12675663
nation,England,E92000001,2021-02-12,436925,12246166
nation,England,E92000001,2021-02-11,386734,11809241
nation,England,E92000001,2021-02-10,338855,11422507
nation,England,E92000001,2021-02-09,311654,11083652
nation,England,E92000001,2021-02-08,252269,10771998
nation,England,E92000001,2021-02-07,229514,10519729
nation,England,E92000001,2021-02-06,458318,10290215
nation,England,E92000001,2021-02-05,401636,9831897
nation,England,E92000001,2021-02-04,388426,9430261
nation,England,E92000001,2021-02-03,378794,9041835
nation,England,E92000001,2021-02-02,300173,8663041
nation,England,E92000001,2021-02-01,280513,8362868
nation,England,E92000001,2021-01-31,289359,8082355
nation,England,E92000001,2021-01-30,539691,7792996
nation,England,E92000001,2021-01-29,436360,7253305
nation,England,E92000001,2021-01-28,343193,6816945
nation,England,E92000001,2021-01-27,251902,6473752
nation,England,E92000001,2021-01-26,259306,6221850
nation,England,E92000001,2021-01-25,234851,5962544
nation,England,E92000001,2021-01-24,198592,5727693
nation,England,E92000001,2021-01-23,443330,5529101
nation,England,E92000001,2021-01-22,424478,5085771
nation,England,E92000001,2021-01-21,357563,4661293
nation,England,E92000001,2021-01-20,318151,4303730
nation,England,E92000001,2021-01-19,298373,3985579
nation,England,E92000001,2021-01-18,167150,3687206
nation,England,E92000001,2021-01-17,154564,3520056
nation,England,E92000001,2021-01-16,275434,3365492
nation,England,E92000001,2021-01-15,320894,3090058
nation,England,E92000001,2021-01-14,274793,2769164
nation,England,E92000001,2021-01-13,239815,2494371
nation,England,E92000001,2021-01-12,174276,2254556
nation,England,E92000001,2021-01-11,121129,2080280
nation,England,E92000001,2021-01-10,,1959151
nation,Northern Ireland,N92000002,2022-03-23,136,1422973
nation,Northern Ireland,N92000002,2022-03-22,104,1422837
nation,Northern Ireland,N92000002,2022-03-21,57,1422733
nation,Northern Ireland,N92000002,2022-03-20,204,1422676
nation,Northern Ireland,N92000002,2022-03-19,185,1422472
nation,Northern Ireland,N92000002,2022-03-18,174,1422287
nation,Northern Ireland,N92000002,2022-03-17,174,1422113
nation,Northern Ireland,N92000002,2022-03-16,110,1421939
nation,Northern Ireland,N92000002,2022-03-15,46,1421829
nation,Northern Ireland,N92000002,2022-03-14,82,1421783
nation,Northern Ireland,N92000002,2022-03-13,228,1421701
nation,Northern Ireland,N92000002,2022-03-12,192,1421473
nation,Northern Ireland,N92000002,2022-03-11,108,1421281
nation,Northern Ireland,N92000002,2022-03-10,158,1421173
nation,Northern Ireland,N92000002,2022-03-09,93,1421015
nation,Northern Ireland,N92000002,2022-03-08,128,1420922
nation,Northern Ireland,N92000002,2022-03-07,104,1420794
nation,Northern Ireland,N92000002,2022-03-06,255,1420690
nation,Northern Ireland,N92000002,2022-03-05,230,1420435
nation,Northern Ireland,N92000002,2022-03-04,361,1420205
nation,Northern Ireland,N92000002,2022-03-03,0,1419844
nation,Northern Ireland,N92000002,2022-03-02,231,1419844
nation,Northern Ireland,N92000002,2022-03-01,109,1419613
nation,Northern Ireland,N92000002,2022-02-28,101,1419504
nation,Northern Ireland,N92000002,2022-02-27,217,1419403
nation,Northern Ireland,N92000002,2022-02-26,169,1419186
nation,Northern Ireland,N92000002,2022-02-25,138,1419017
nation,Northern Ireland,N92000002,2022-02-24,65,1418879
nation,Northern Ireland,N92000002,2022-02-23,114,1418814
nation,Northern Ireland,N92000002,2022-02-22,49,1418700
nation,Northern Ireland,N92000002,2022-02-21,80,1418651
nation,Northern Ireland,N92000002,2022-02-20,170,1418571
nation,Northern Ireland,N92000002,2022-02-19,222,1418401
nation,Northern Ireland,N92000002,2022-02-18,169,1418179
nation,Northern Ireland,N92000002,2022-02-17,172,1418010
nation,Northern Ireland,N92000002,2022-02-16,148,1417838
nation,Northern Ireland,N92000002,2022-02-15,113,1417690
nation,Northern Ireland,N92000002,2022-02-14,127,1417577
nation,Northern Ireland,N92000002,2022-02-13,231,1417450
nation,Northern Ireland,N92000002,2022-02-12,176,1417219
nation,Northern Ireland,N92000002,2022-02-11,128,1417043
nation,Northern Ireland,N92000002,2022-02-10,485,1416915
nation,Northern Ireland,N92000002,2022-02-09,0,1416430
nation,Northern Ireland,N92000002,2022-02-08,179,1417106
nation,Northern Ireland,N92000002,2022-02-07,193,1416927
nation,Northern Ireland,N92000002,2022-02-06,404,1416734
nation,Northern Ireland,N92000002,2022-02-05,289,1416330
nation,Northern Ireland,N92000002,2022-02-04,238,1416041
nation,Northern Ireland,N92000002,2022-02-03,200,1415803
nation,Northern Ireland,N92000002,2022-02-02,168,1415603
nation,Northern Ireland,N92000002,2022-02-01,188,1415435
nation,Northern Ireland,N92000002,2022-01-31,159,1415247
nation,Northern Ireland,N92000002,2022-01-30,232,1415088
nation,Northern Ireland,N92000002,2022-01-29,475,1414856
nation,Northern Ireland,N92000002,2022-01-28,262,1414381
nation,Northern Ireland,N92000002,2022-01-27,396,1414119
nation,Northern Ireland,N92000002,2022-01-26,309,1413723
nation,Northern Ireland,N92000002,2022-01-25,209,1413414
nation,Northern Ireland,N92000002,2022-01-24,207,1413205
nation,Northern Ireland,N92000002,2022-01-23,402,1412998
nation,Northern Ireland,N92000002,2022-01-22,360,1412596
nation,Northern Ireland,N92000002,2022-01-21,461,1412236
nation,Northern Ireland,N92000002,2022-01-20,385,1411775
nation,Northern Ireland,N92000002,2022-01-19,183,1411390
nation,Northern Ireland,N92000002,2022-01-18,496,1411207
nation,Northern Ireland,N92000002,2022-01-17,577,1410711
nation,Northern Ireland,N92000002,2022-01-16,365,1410134
nation,Northern Ireland,N92000002,2022-01-15,429,1409769
nation,Northern Ireland,N92000002,2022-01-14,569,1409340
nation,Northern Ireland,N92000002,2022-01-13,782,1408771
nation,Northern Ireland,N92000002,2022-01-12,665,1407989
nation,Northern Ireland,N92000002,2022-01-11,623,1407324
nation,Northern Ireland,N92000002,2022-01-10,428,1406701
nation,Northern Ireland,N92000002,2022-01-09,973,1406273
nation,Northern Ireland,N92000002,2022-01-08,0,1405300
nation,Northern Ireland,N92000002,2022-01-07,641,1405300
nation,Northern Ireland,N92000002,2022-01-06,503,1404659
nation,Northern Ireland,N92000002,2022-01-05,3770,1404156
nation,Northern Ireland,N92000002,2022-01-04,520,1400386
nation,Northern Ireland,N92000002,2022-01-03,401,1399866
nation,Northern Ireland,N92000002,2022-01-02,324,1399465
nation,Northern Ireland,N92000002,2022-01-01,71,1399141
nation,Northern Ireland,N92000002,2021-12-31,92,1399070
nation,Northern Ireland,N92000002,2021-12-30,636,1398978
nation,Northern Ireland,N92000002,2021-12-29,496,1398342
nation,Northern Ireland,N92000002,2021-12-28,849,1397846
nation,Northern Ireland,N92000002,2021-12-27,591,1396997
nation,Northern Ireland,N92000002,2021-12-26,126,1396406
nation,Northern Ireland,N92000002,2021-12-25,0,1396280
nation,Northern Ireland,N92000002,2021-12-24,40,1396280
nation,Northern Ireland,N92000002,2021-12-23,555,1396240
nation,Northern Ireland,N92000002,2021-12-22,1140,1395685
nation,Northern Ireland,N92000002,2021-12-21,792,1394545
nation,Northern Ireland,N92000002,2021-12-20,1113,1393753
nation,Northern Ireland,N92000002,2021-12-19,556,1392640
nation,Northern Ireland,N92000002,2021-12-18,578,1392084
nation,Northern Ireland,N92000002,2021-12-17,936,1391506
nation,Northern Ireland,N92000002,2021-12-16,982,1390570
nation,Northern Ireland,N92000002,2021-12-15,1116,1389588
nation,Northern Ireland,N92000002,2021-12-14,968,1388472
nation,Northern Ireland,N92000002,2021-12-13,1273,1387504
nation,Northern Ireland,N92000002,2021-12-12,936,1386231
nation,Northern Ireland,N92000002,2021-12-11,561,1385295
nation,Northern Ireland,N92000002,2021-12-10,1055,1384734
nation,Northern Ireland,N92000002,2021-12-09,1541,1383679
nation,Northern Ireland,N92000002,2021-12-08,1626,1382138
nation,Northern Ireland,N92000002,2021-12-07,1347,1380512
nation,Northern Ireland,N92000002,2021-12-06,1030,1379165
nation,Northern Ireland,N92000002,2021-12-05,3154,1378135
nation,Northern Ireland,N92000002,2021-12-04,0,1374981
nation,Northern Ireland,N92000002,2021-12-03,941,1374981
nation,Northern Ireland,N92000002,2021-12-02,1614,1374040
nation,Northern Ireland,N92000002,2021-12-01,1856,1372426
nation,Northern Ireland,N92000002,2021-11-30,1774,1370570
nation,Northern Ireland,N92000002,2021-11-29,1615,1368796
nation,Northern Ireland,N92000002,2021-11-28,4815,1367181
nation,Northern Ireland,N92000002,2021-11-27,0,1362366
nation,Northern Ireland,N92000002,2021-11-26,0,1362366
nation,Northern Ireland,N92000002,2021-11-25,1420,1362366
nation,Northern Ireland,N92000002,2021-11-24,1542,1360946
nation,Northern Ireland,N92000002,2021-11-23,1711,1359404
nation,Northern Ireland,N92000002,2021-11-22,1350,1357693
nation,Northern Ireland,N92000002,2021-11-21,558,1356343
nation,Northern Ireland,N92000002,2021-11-20,411,1355785
nation,Northern Ireland,N92000002,2021-11-19,982,1355374
nation,Northern Ireland,N92000002,2021-11-18,2473,1354392
nation,Northern Ireland,N92000002,2021-11-17,2760,1351919
nation,Northern Ireland,N92000002,2021-11-16,1946,1349159
nation,Northern Ireland,N92000002,2021-11-15,2233,1347213
nation,Northern Ireland,N92000002,2021-11-14,1024,1344980
nation,Northern Ireland,N92000002,2021-11-13,485,1343956
nation,Northern Ireland,N92000002,2021-11-12,795,1343471
nation,Northern Ireland,N92000002,2021-11-11,2058,1342676
nation,Northern Ireland,N92000002,2021-11-10,1810,1340618
nation,Northern Ireland,N92000002,2021-11-09,1790,1338808
nation,Northern Ireland,N92000002,2021-11-08,1364,1337018
nation,Northern Ireland,N92000002,2021-11-07,891,1335654
nation,Northern Ireland,N92000002,2021-11-06,517,1334763
nation,Northern Ireland,N92000002,2021-11-05,669,1334246
nation,Northern Ireland,N92000002,2021-11-04,1894,1333577
nation,Northern Ireland,N92000002,2021-11-03,1089,1331683
nation,Northern Ireland,N92000002,2021-11-02,701,1330594
nation,Northern Ireland,N92000002,2021-11-01,474,1329893
nation,Northern Ireland,N92000002,2021-10-31,605,1329419
nation,Northern Ireland,N92000002,2021-10-30,807,1328814
nation,Northern Ireland,N92000002,2021-10-29,967,1328007
nation,Northern Ireland,N92000002,2021-10-28,1753,1327040
nation,Northern Ireland,N92000002,2021-10-27,1554,1325287
nation,Northern Ireland,N92000002,2021-10-26,1456,1323733
nation,Northern Ireland,N92000002,2021-10-25,950,1322277
nation,Northern Ireland,N92000002,2021-10-24,520,1321327
nation,Northern Ireland,N92000002,2021-10-23,751,1320807
nation,Northern Ireland,N92000002,2021-10-22,547,1320056
nation,Northern Ireland,N92000002,2021-10-21,411,1319509
nation,Northern Ireland,N92000002,2021-10-20,365,1319098
nation,Northern Ireland,N92000002,2021-10-19,742,1318733
nation,Northern Ireland,N92000002,2021-10-18,485,1317991
nation,Northern Ireland,N92000002,2021-10-17,170,1317506
nation,Northern Ireland,N92000002,2021-10-16,59,1317336
nation,Northern Ireland,N92000002,2021-10-15,272,1317277
nation,Northern Ireland,N92000002,2021-10-14,477,1317005
nation,Northern Ireland,N92000002,2021-10-13,303,1316528
nation,Northern Ireland,N92000002,2021-10-12,400,1316225
nation,Northern Ireland,N92000002,2021-10-11,232,1315825
nation,Northern Ireland,N92000002,2021-10-10,80,1315593
nation,Northern Ireland,N92000002,2021-10-09,55,1315513
nation,Northern Ireland,N92000002,2021-10-08,291,1315458
nation,Northern Ireland,N92000002,2021-10-07,388,1315167
nation,Northern Ireland,N92000002,2021-10-06,288,1314779
nation,Northern Ireland,N92000002,2021-10-05,207,1314491
nation,Northern Ireland,N92000002,2021-10-04,305,1314284
nation,Northern Ireland,N92000002,2021-10-03,170,1313979
nation,Northern Ireland,N92000002,2021-10-02,117,1313809
nation,Northern Ireland,N92000002,2021-10-01,297,1313692
nation,Northern Ireland,N92000002,2021-09-30,777,1313395
nation,Northern Ireland,N92000002,2021-09-29,766,1312618
nation,Northern Ireland,N92000002,2021-09-28,669,1311852
nation,Northern Ireland,N92000002,2021-09-27,748,1311183
nation,Northern Ireland,N92000002,2021-09-26,521,1310435
nation,Northern Ireland,N92000002,2021-09-25,674,1309914
nation,Northern Ireland,N92000002,2021-09-24,803,1309240
nation,Northern Ireland,N92000002,2021-09-23,871,1308437
nation,Northern Ireland,N92000002,2021-09-22,744,1307566
nation,Northern Ireland,N92000002,2021-09-21,496,1306822
nation,Northern Ireland,N92000002,2021-09-20,770,1306326
nation,Northern Ireland,N92000002,2021-09-19,557,1305556
nation,Northern Ireland,N92000002,2021-09-18,434,1304999
nation,Northern Ireland,N92000002,2021-09-17,676,1304565
nation,Northern Ireland,N92000002,2021-09-16,1820,1303889
nation,Northern Ireland,N92000002,2021-09-15,1686,1302069
nation,Northern Ireland,N92000002,2021-09-14,1427,1300383
nation,Northern Ireland,N92000002,2021-09-13,1074,1298956
nation,Northern Ireland,N92000002,2021-09-12,654,1297882
nation,Northern Ireland,N92000002,2021-09-11,398,1297228
nation,Northern Ireland,N92000002,2021-09-10,759,1296830
nation,Northern Ireland,N92000002,2021-09-09,1175,1296071
nation,Northern Ireland,N92000002,2021-09-08,1187,1294896
nation,Northern Ireland,N92000002,2021-09-07,872,1293709
nation,Northern Ireland,N92000002,2021-09-06,893,1292837
nation,Northern Ireland,N92000002,2021-09-05,934,1291944
nation,Northern Ireland,N92000002,2021-09-04,950,1291010
nation,Northern Ireland,N92000002,2021-09-03,1378,1290060
nation,Northern Ireland,N92000002,2021-09-02,1049,1288682
nation,Northern Ireland,N92000002,2021-09-01,1608,1287633
nation,Northern Ireland,N92000002,2021-08-31,1582,1286025
nation,Northern Ireland,N92000002,2021-08-30,1344,1284443
nation,Northern Ireland,N92000002,2021-08-29,689,1283099
nation,Northern Ireland,N92000002,2021-08-28,1164,1282410
nation,Northern Ireland,N92000002,2021-08-27,2153,1281246
nation,Northern Ireland,N92000002,2021-08-26,3539,1279093
nation,Northern Ireland,N92000002,2021-08-25,3483,1275554
nation,Northern Ireland,N92000002,2021-08-24,2005,1272071
nation,Northern Ireland,N92000002,2021-08-23,1893,1270066
nation,Northern Ireland,N92000002,2021-08-22,3658,1268173
nation,Northern Ireland,N92000002,2021-08-21,4142,1264515
nation,Northern Ireland,N92000002,2021-08-20,1733,1260373
nation,Northern Ireland,N92000002,2021-08-19,1861,1258640
nation,Northern Ireland,N92000002,2021-08-18,1467,1256779
nation,Northern Ireland,N92000002,2021-08-17,2566,1255312
nation,Northern Ireland,N92000002,2021-08-16,1564,1252746
nation,Northern Ireland,N92000002,2021-08-15,1603,1251182
nation,Northern Ireland,N92000002,2021-08-14,1162,1249579
nation,Northern Ireland,N92000002,2021-08-13,1510,1248417
nation,Northern Ireland,N92000002,2021-08-12,2095,1246907
nation,Northern Ireland,N92000002,2021-08-11,1687,1244812
nation,Northern Ireland,N92000002,2021-08-10,2314,1243125
nation,Northern Ireland,N92000002,2021-08-09,7374,1240811
nation,Northern Ireland,N92000002,2021-08-08,987,1233437
nation,Northern Ireland,N92000002,2021-08-07,1344,1232450
nation,Northern Ireland,N92000002,2021-08-06,6431,1231106
nation,Northern Ireland,N92000002,2021-08-05,1372,1224675
nation,Northern Ireland,N92000002,2021-08-04,1560,1223303
nation,Northern Ireland,N92000002,2021-08-03,1313,1221743
nation,Northern Ireland,N92000002,2021-08-02,1041,1220430
nation,Northern Ireland,N92000002,2021-08-01,657,1219389
nation,Northern Ireland,N92000002,2021-07-31,3478,1218732
nation,Northern Ireland,N92000002,2021-07-30,3018,1215254
nation,Northern Ireland,N92000002,2021-07-29,3091,1212236
nation,Northern Ireland,N92000002,2021-07-28,7683,1209145
nation,Northern Ireland,N92000002,2021-07-27,2770,1201462
nation,Northern Ireland,N92000002,2021-07-26,1697,1198692
nation,Northern Ireland,N92000002,2021-07-25,1724,1196995
nation,Northern Ireland,N92000002,2021-07-24,1417,1195271
nation,Northern Ireland,N92000002,2021-07-23,1673,1193854
nation,Northern Ireland,N92000002,2021-07-22,1143,1192181
nation,Northern Ireland,N92000002,2021-07-21,2369,1191038
nation,Northern Ireland,N92000002,2021-07-20,1664,1188669
nation,Northern Ireland,N92000002,2021-07-19,1136,1187005
nation,Northern Ireland,N92000002,2021-07-18,0,1185869
nation,Northern Ireland,N92000002,2021-07-17,983,1202031
nation,Northern Ireland,N92000002,2021-07-16,11185,1201048
nation,Northern Ireland,N92000002,2021-07-15,1300,1189863
nation,Northern Ireland,N92000002,2021-07-14,1117,1188563
nation,Northern Ireland,N92000002,2021-07-13,1151,1187446
nation,Northern Ireland,N92000002,2021-07-12,606,1186295
nation,Northern Ireland,N92000002,2021-07-11,1204,1185689
nation,Northern Ireland,N92000002,2021-07-10,1713,1184485
nation,Northern Ireland,N92000002,2021-07-09,1764,1182772
nation,Northern Ireland,N92000002,2021-07-08,1912,1181008
nation,Northern Ireland,N92000002,2021-07-07,1960,1179096
nation,Northern Ireland,N92000002,2021-07-06,1985,1177136
nation,Northern Ireland,N92000002,2021-07-05,1786,1175151
nation,Northern Ireland,N92000002,2021-07-04,1712,1173365
nation,Northern Ireland,N92000002,2021-07-03,1097,1171653
nation,Northern Ireland,N92000002,2021-07-02,1817,1170556
nation,Northern Ireland,N92000002,2021-07-01,1897,1168739
nation,Northern Ireland,N92000002,2021-06-30,2050,1166842
nation,Northern Ireland,N92000002,2021-06-29,2337,1164792
nation,Northern Ireland,N92000002,2021-06-28,2431,1162455
nation,Northern Ireland,N92000002,2021-06-27,2533,1160024
nation,Northern Ireland,N92000002,2021-06-26,2203,1157491
nation,Northern Ireland,N92000002,2021-06-25,2568,1155288
nation,Northern Ireland,N92000002,2021-06-24,2518,1152720
nation,Northern Ireland,N92000002,2021-06-23,3049,1150202
nation,Northern Ireland,N92000002,2021-06-22,3930,1147153
nation,Northern Ireland,N92000002,2021-06-21,2385,1143223
nation,Northern Ireland,N92000002,2021-06-20,3060,1140838
nation,Northern Ireland,N92000002,2021-06-19,2470,1137778
nation,Northern Ireland,N92000002,2021-06-18,2762,1135308
nation,Northern Ireland,N92000002,2021-06-17,3876,1132546
nation,Northern Ireland,N92000002,2021-06-16,1993,1128670
nation,Northern Ireland,N92000002,2021-06-15,10930,1126677
nation,Northern Ireland,N92000002,2021-06-14,2156,1115747
nation,Northern Ireland,N92000002,2021-06-13,0,1113591
nation,Northern Ireland,N92000002,2021-06-12,432,1113591
nation,Northern Ireland,N92000002,2021-06-11,7392,1113159
nation,Northern Ireland,N92000002,2021-06-10,4138,1105767
nation,Northern Ireland,N92000002,2021-06-09,3015,1101629
nation,Northern Ireland,N92000002,2021-06-08,4136,1098614
nation,Northern Ireland,N92000002,2021-06-07,3785,1094478
nation,Northern Ireland,N92000002,2021-06-06,3557,1090693
nation,Northern Ireland,N92000002,2021-06-05,3858,1087136
nation,Northern Ireland,N92000002,2021-06-04,4361,1083278
nation,Northern Ireland,N92000002,2021-06-03,5142,1078917
nation,Northern Ireland,N92000002,2021-06-02,12225,1073775
nation,Northern Ireland,N92000002,2021-06-01,8400,1061550
nation,Northern Ireland,N92000002,2021-05-31,4800,1053150
nation,Northern Ireland,N92000002,2021-05-30,4203,1048350
nation,Northern Ireland,N92000002,2021-05-29,3450,1044147
nation,Northern Ireland,N92000002,2021-05-28,2805,1040697
nation,Northern Ireland,N92000002,2021-05-27,3749,1037892
nation,Northern Ireland,N92000002,2021-05-26,3332,1034143
nation,Northern Ireland,N92000002,2021-05-25,4368,1030811
nation,Northern Ireland,N92000002,2021-05-24,4418,1026443
nation,Northern Ireland,N92000002,2021-05-23,4084,1022025
nation,Northern Ireland,N92000002,2021-05-22,3893,1017941
nation,Northern Ireland,N92000002,2021-05-21,2212,1014048
nation,Northern Ireland,N92000002,2021-05-20,3247,1011836
nation,Northern Ireland,N92000002,2021-05-19,4519,1008589
nation,Northern Ireland,N92000002,2021-05-18,3142,1004070
nation,Northern Ireland,N92000002,2021-05-17,3323,1000928
nation,Northern Ireland,N92000002,2021-05-16,1700,997605
nation,Northern Ireland,N92000002,2021-05-15,1152,995905
nation,Northern Ireland,N92000002,2021-05-14,2071,994753
nation,Northern Ireland,N92000002,2021-05-13,3113,992682
nation,Northern Ireland,N92000002,2021-05-12,3561,989569
nation,Northern Ireland,N92000002,2021-05-11,3970,986008
nation,Northern Ireland,N92000002,2021-05-10,5456,982038
nation,Northern Ireland,N92000002,2021-05-09,3985,976582
nation,Northern Ireland,N92000002,2021-05-08,4211,972597
nation,Northern Ireland,N92000002,2021-05-07,5071,968386
nation,Northern Ireland,N92000002,2021-05-06,6252,963315
nation,Northern Ireland,N92000002,2021-05-05,6285,957063
nation,Northern Ireland,N92000002,2021-05-04,6084,950778
nation,Northern Ireland,N92000002,2021-05-03,1672,944694
nation,Northern Ireland,N92000002,2021-05-02,5240,943022
nation,Northern Ireland,N92000002,2021-05-01,5356,937782
nation,Northern Ireland,N92000002,2021-04-30,5100,932426
nation,Northern Ireland,N92000002,2021-04-29,0,927326
nation,Northern Ireland,N92000002,2021-04-28,7933,935589
nation,Northern Ireland,N92000002,2021-04-27,8364,927656
nation,Northern Ireland,N92000002,2021-04-26,6848,919292
nation,Northern Ireland,N92000002,2021-04-25,6708,912444
nation,Northern Ireland,N92000002,2021-04-24,6878,905736
nation,Northern Ireland,N92000002,2021-04-23,6071,898858
nation,Northern Ireland,N92000002,2021-04-22,8974,892787
nation,Northern Ireland,N92000002,2021-04-21,7523,883813
nation,Northern Ireland,N92000002,2021-04-20,6948,876290
nation,Northern Ireland,N92000002,2021-04-19,5630,869342
nation,Northern Ireland,N92000002,2021-04-18,3399,863712
nation,Northern Ireland,N92000002,2021-04-17,4487,860313
nation,Northern Ireland,N92000002,2021-04-16,5723,855826
nation,Northern Ireland,N92000002,2021-04-15,5819,850103
nation,Northern Ireland,N92000002,2021-04-14,6235,844284
nation,Northern Ireland,N92000002,2021-04-13,6154,838049
nation,Northern Ireland,N92000002,2021-04-12,5483,831895
nation,Northern Ireland,N92000002,2021-04-11,6380,826412
nation,Northern Ireland,N92000002,2021-04-10,6564,820032
nation,Northern Ireland,N92000002,2021-04-09,7463,813468
nation,Northern Ireland,N92000002,2021-04-08,6595,806005
nation,Northern Ireland,N92000002,2021-04-07,8550,799410
nation,Northern Ireland,N92000002,2021-04-06,5366,790860
nation,Northern Ireland,N92000002,2021-04-05,5562,785494
nation,Northern Ireland,N92000002,2021-04-04,2824,779932
nation,Northern Ireland,N92000002,2021-04-03,4868,777108
nation,Northern Ireland,N92000002,2021-04-02,7235,772240
nation,Northern Ireland,N92000002,2021-04-01,8992,765005
nation,Northern Ireland,N92000002,2021-03-31,6901,756013
nation,Northern Ireland,N92000002,2021-03-30,8383,749112
nation,Northern Ireland,N92000002,2021-03-29,10258,740729
nation,Northern Ireland,N92000002,2021-03-28,3882,730471
nation,Northern Ireland,N92000002,2021-03-27,7329,726589
nation,Northern Ireland,N92000002,2021-03-26,7587,719260
nation,Northern Ireland,N92000002,2021-03-25,8339,711673
nation,Northern Ireland,N92000002,2021-03-24,8471,703334
nation,Northern Ireland,N92000002,2021-03-23,7335,694863
nation,Northern Ireland,N92000002,2021-03-22,0,687528
nation,Northern Ireland,N92000002,2021-03-21,19770,687528
nation,Northern Ireland,N92000002,2021-03-20,4785,667758
nation,Northern Ireland,N92000002,2021-03-19,7392,662973
nation,Northern Ireland,N92000002,2021-03-18,9391,655581
nation,Northern Ireland,N92000002,2021-03-17,5389,646190
nation,Northern Ireland,N92000002,2021-03-16,6782,640801
nation,Northern Ireland,N92000002,2021-03-15,4558,634019
nation,Northern Ireland,N92000002,2021-03-14,4266,629461
nation,Northern Ireland,N92000002,2021-03-13,3733,625195
nation,Northern Ireland,N92000002,2021-03-12,6833,621462
nation,Northern Ireland,N92000002,2021-03-11,7934,614629
nation,Northern Ireland,N92000002,2021-03-10,5594,606695
nation,Northern Ireland,N92000002,2021-03-09,4574,601101
nation,Northern Ireland,N92000002,2021-03-08,7724,596527
nation,Northern Ireland,N92000002,2021-03-07,5889,588803
nation,Northern Ireland,N92000002,2021-03-06,5695,582914
nation,Northern Ireland,N92000002,2021-03-05,9208,577219
nation,Northern Ireland,N92000002,2021-03-04,11290,568011
nation,Northern Ireland,N92000002,2021-03-03,11702,556721
nation,Northern Ireland,N92000002,2021-03-02,7630,545019
nation,Northern Ireland,N92000002,2021-03-01,11989,537389
nation,Northern Ireland,N92000002,2021-02-28,4404,525400
nation,Northern Ireland,N92000002,2021-02-27,5318,520996
nation,Northern Ireland,N92000002,2021-02-26,10490,515678
nation,Northern Ireland,N92000002,2021-02-25,13595,505188
nation,Northern Ireland,N92000002,2021-02-24,13358,491593
nation,Northern Ireland,N92000002,2021-02-23,10106,478235
nation,Northern Ireland,N92000002,2021-02-22,10099,468129
nation,Northern Ireland,N92000002,2021-02-21,12021,458030
nation,Northern Ireland,N92000002,2021-02-20,3092,446009
nation,Northern Ireland,N92000002,2021-02-19,6774,442917
nation,Northern Ireland,N92000002,2021-02-18,8574,436143
nation,Northern Ireland,N92000002,2021-02-17,9360,427569
nation,Northern Ireland,N92000002,2021-02-16,8702,418209
nation,Northern Ireland,N92000002,2021-02-15,12264,409507
nation,Northern Ireland,N92000002,2021-02-14,6142,397243
nation,Northern Ireland,N92000002,2021-02-13,3330,391101
nation,Northern Ireland,N92000002,2021-02-12,14357,387771
nation,Northern Ireland,N92000002,2021-02-11,19657,373414
nation,Northern Ireland,N92000002,2021-02-10,20099,353757
nation,Northern Ireland,N92000002,2021-02-09,16052,333658
nation,Northern Ireland,N92000002,2021-02-08,14128,317606
nation,Northern Ireland,N92000002,2021-02-07,7563,303478
nation,Northern Ireland,N92000002,2021-02-06,6026,295915
nation,Northern Ireland,N92000002,2021-02-05,14657,289889
nation,Northern Ireland,N92000002,2021-02-04,11497,275232
nation,Northern Ireland,N92000002,2021-02-03,17064,263735
nation,Northern Ireland,N92000002,2021-02-02,13242,246671
nation,Northern Ireland,N92000002,2021-02-01,11620,233429
nation,Northern Ireland,N92000002,2021-01-31,7208,221809
nation,Northern Ireland,N92000002,2021-01-30,10536,214601
nation,Northern Ireland,N92000002,2021-01-29,7934,204065
nation,Northern Ireland,N92000002,2021-01-28,20847,196131
nation,Northern Ireland,N92000002,2021-01-27,7144,175284
nation,Northern Ireland,N92000002,2021-01-26,4823,168140
nation,Northern Ireland,N92000002,2021-01-25,3675,163317
nation,Northern Ireland,N92000002,2021-01-24,3998,159642
nation,Northern Ireland,N92000002,2021-01-23,1278,155644
nation,Northern Ireland,N92000002,2021-01-22,3327,154366
nation,Northern Ireland,N92000002,2021-01-21,6827,151039
nation,Northern Ireland,N92000002,2021-01-20,5776,144212
nation,Northern Ireland,N92000002,2021-01-19,5579,138436
nation,Northern Ireland,N92000002,2021-01-18,7140,132857
nation,Northern Ireland,N92000002,2021-01-17,5330,125717
nation,Northern Ireland,N92000002,2021-01-16,2481,120387
nation,Northern Ireland,N92000002,2021-01-15,3339,117906
nation,Northern Ireland,N92000002,2021-01-14,11866,114567
nation,Northern Ireland,N92000002,2021-01-13,11284,102701
nation,Northern Ireland,N92000002,2021-01-12,7230,91417
nation,Northern Ireland,N92000002,2021-01-11,6182,84187
nation,Northern Ireland,N92000002,2021-01-10,,78005
nation,Scotland,S92000003,2022-03-23,0,4445003
nation,Scotland,S92000003,2022-03-22,1126,4451641
nation,Scotland,S92000003,2022-03-21,1269,4450515
nation,Scotland,S92000003,2022-03-20,3407,4449246
nation,Scotland,S92000003,2022-03-19,3628,4445839
nation,Scotland,S92000003,2022-03-18,267,4442211
nation,Scotland,S92000003,2022-03-17,483,4441944
nation,Scotland,S92000003,2022-03-16,0,4441461
nation,Scotland,S92000003,2022-03-15,286,4441461
nation,Scotland,S92000003,2022-03-14,1480,4441175
nation,Scotland,S92000003,2022-03-13,0,4439695
nation,Scotland,S92000003,2022-03-12,0,4439695
nation,Scotland,S92000003,2022-03-11,0,4439695
nation,Scotland,S92000003,2022-03-10,244,4439695
nation,Scotland,S92000003,2022-03-09,301,4439451
nation,Scotland,S92000003,2022-03-08,307,4439150
nation,Scotland,S92000003,2022-03-07,315,4438843
nation,Scotland,S92000003,2022-03-06,276,4438528
nation,Scotland,S92000003,2022-03-05,350,4438252
nation,Scotland,S92000003,2022-03-04,343,4437902
nation,Scotland,S92000003,2022-03-03,397,4437559
nation,Scotland,S92000003,2022-03-02,295,4437162
nation,Scotland,S92000003,2022-03-01,356,4436867
nation,Scotland,S92000003,2022-02-28,398,4436511
nation,Scotland,S92000003,2022-02-27,551,4436113
nation,Scotland,S92000003,2022-02-26,609,4435562
nation,Scotland,S92000003,2022-02-25,549,4434953
nation,Scotland,S92000003,2022-02-24,443,4434404
nation,Scotland,S92000003,2022-02-23,360,4433961
nation,Scotland,S92000003,2022-02-22,441,4433601
nation,Scotland,S92000003,2022-02-21,594,4433160
nation,Scotland,S92000003,2022-02-20,685,4432566
nation,Scotland,S92000003,2022-02-19,627,4431881
nation,Scotland,S92000003,2022-02-18,537,4431254
nation,Scotland,S92000003,2022-02-17,738,4430717
nation,Scotland,S92000003,2022-02-16,642,4429979
nation,Scotland,S92000003,2022-02-15,653,4429337
nation,Scotland,S92000003,2022-02-14,663,4428684
nation,Scotland,S92000003,2022-02-13,969,4428021
nation,Scotland,S92000003,2022-02-12,958,4427052
nation,Scotland,S92000003,2022-02-11,812,4426094
nation,Scotland,S92000003,2022-02-10,686,4425282
nation,Scotland,S92000003,2022-02-09,653,4424596
nation,Scotland,S92000003,2022-02-08,528,4423943
nation,Scotland,S92000003,2022-02-07,696,4423415
nation,Scotland,S92000003,2022-02-06,1292,4422719
nation,Scotland,S92000003,2022-02-05,1694,4421427
nation,Scotland,S92000003,2022-02-04,929,4419733
nation,Scotland,S92000003,2022-02-03,837,4418804
nation,Scotland,S92000003,2022-02-02,862,4417967
nation,Scotland,S92000003,2022-02-01,986,4417105
nation,Scotland,S92000003,2022-01-31,4470,4416119
nation,Scotland,S92000003,2022-01-30,659,4411649
nation,Scotland,S92000003,2022-01-29,700,4410990
nation,Scotland,S92000003,2022-01-28,923,4410290
nation,Scotland,S92000003,2022-01-27,833,4409367
nation,Scotland,S92000003,2022-01-26,796,4408534
nation,Scotland,S92000003,2022-01-25,739,4407738
nation,Scotland,S92000003,2022-01-24,560,4406999
nation,Scotland,S92000003,2022-01-23,618,4406439
nation,Scotland,S92000003,2022-01-22,762,4405821
nation,Scotland,S92000003,2022-01-21,791,4405059
nation,Scotland,S92000003,2022-01-20,1602,4404268
nation,Scotland,S92000003,2022-01-19,790,4402666
nation,Scotland,S92000003,2022-01-18,842,4401876
nation,Scotland,S92000003,2022-01-17,805,4401034
nation,Scotland,S92000003,2022-01-16,1348,4400229
nation,Scotland,S92000003,2022-01-15,969,4398881
nation,Scotland,S92000003,2022-01-14,1110,4397912
nation,Scotland,S92000003,2022-01-13,1009,4396802
nation,Scotland,S92000003,2022-01-12,1037,4395793
nation,Scotland,S92000003,2022-01-11,1067,4394756
nation,Scotland,S92000003,2022-01-10,995,4393689
nation,Scotland,S92000003,2022-01-09,1136,4392694
nation,Scotland,S92000003,2022-01-08,1482,4391558
nation,Scotland,S92000003,2022-01-07,1533,4390076
nation,Scotland,S92000003,2022-01-06,1351,4388543
nation,Scotland,S92000003,2022-01-05,1965,4387192
nation,Scotland,S92000003,2022-01-04,884,4385227
nation,Scotland,S92000003,2022-01-03,1131,4384343
nation,Scotland,S92000003,2022-01-02,0,4383212
nation,Scotland,S92000003,2022-01-01,3,4383212
nation,Scotland,S92000003,2021-12-31,544,4383209
nation,Scotland,S92000003,2021-12-30,1439,4382665
nation,Scotland,S92000003,2021-12-29,1118,4381226
nation,Scotland,S92000003,2021-12-28,648,4380108
nation,Scotland,S92000003,2021-12-27,1288,4379460
nation,Scotland,S92000003,2021-12-26,0,4378172
nation,Scotland,S92000003,2021-12-25,0,4378172
nation,Scotland,S92000003,2021-12-24,0,4378172
nation,Scotland,S92000003,2021-12-23,1170,4378172
nation,Scotland,S92000003,2021-12-22,1414,4377002
nation,Scotland,S92000003,2021-12-21,1671,4375588
nation,Scotland,S92000003,2021-12-20,1788,4373917
nation,Scotland,S92000003,2021-12-19,958,4372129
nation,Scotland,S92000003,2021-12-18,1773,4371171
nation,Scotland,S92000003,2021-12-17,1600,4369398
nation,Scotland,S92000003,2021-12-16,1359,4367798
nation,Scotland,S92000003,2021-12-15,1637,4366439
nation,Scotland,S92000003,2021-12-14,1728,4364802
nation,Scotland,S92000003,2021-12-13,0,4363074
nation,Scotland,S92000003,2021-12-12,2051,4364519
nation,Scotland,S92000003,2021-12-11,1271,4362468
nation,Scotland,S92000003,2021-12-10,1238,4361197
nation,Scotland,S92000003,2021-12-09,1234,4359959
nation,Scotland,S92000003,2021-12-08,1158,4358725
nation,Scotland,S92000003,2021-12-07,2504,4357567
nation,Scotland,S92000003,2021-12-06,999,4355063
nation,Scotland,S92000003,2021-12-05,1960,4354064
nation,Scotland,S92000003,2021-12-04,890,4352104
nation,Scotland,S92000003,2021-12-03,1081,4351214
nation,Scotland,S92000003,2021-12-02,1075,4350133
nation,Scotland,S92000003,2021-12-01,1178,4349058
nation,Scotland,S92000003,2021-11-30,1144,4347880
nation,Scotland,S92000003,2021-11-29,881,4346736
nation,Scotland,S92000003,2021-11-28,870,4345855
nation,Scotland,S92000003,2021-11-27,942,4344985
nation,Scotland,S92000003,2021-11-26,835,4344043
nation,Scotland,S92000003,2021-11-25,1101,4343208
nation,Scotland,S92000003,2021-11-24,883,4342107
nation,Scotland,S92000003,2021-11-23,1062,4341224
nation,Scotland,S92000003,2021-11-22,885,4340162
nation,Scotland,S92000003,2021-11-21,955,4339277
nation,Scotland,S92000003,2021-11-20,1233,4338322
nation,Scotland,S92000003,2021-11-19,1208,4337089
nation,Scotland,S92000003,2021-11-18,1535,4335881
nation,Scotland,S92000003,2021-11-17,1511,4334346
nation,Scotland,S92000003,2021-11-16,1261,4332835
nation,Scotland,S92000003,2021-11-15,1253,4331574
nation,Scotland,S92000003,2021-11-14,2981,4330321
nation,Scotland,S92000003,2021-11-13,703,4327340
nation,Scotland,S92000003,2021-11-12,1114,4326637
nation,Scotland,S92000003,2021-11-11,0,4325523
nation,Scotland,S92000003,2021-11-10,1085,4326392
nation,Scotland,S92000003,2021-11-09,867,4325307
nation,Scotland,S92000003,2021-11-08,891,4324440
nation,Scotland,S92000003,2021-11-07,1392,4323549
nation,Scotland,S92000003,2021-11-06,807,4322157
nation,Scotland,S92000003,2021-11-05,1473,4321350
nation,Scotland,S92000003,2021-11-04,1087,4319877
nation,Scotland,S92000003,2021-11-03,0,4318790
nation,Scotland,S92000003,2021-11-02,1400,4321770
nation,Scotland,S92000003,2021-11-01,1587,4320370
nation,Scotland,S92000003,2021-10-31,1182,4318783
nation,Scotland,S92000003,2021-10-30,1799,4317601
nation,Scotland,S92000003,2021-10-29,1658,4315802
nation,Scotland,S92000003,2021-10-28,1940,4314144
nation,Scotland,S92000003,2021-10-27,865,4312204
nation,Scotland,S92000003,2021-10-26,1407,4311339
nation,Scotland,S92000003,2021-10-25,1561,4309932
nation,Scotland,S92000003,2021-10-24,2789,4308371
nation,Scotland,S92000003,2021-10-23,3200,4305582
nation,Scotland,S92000003,2021-10-22,2733,4302382
nation,Scotland,S92000003,2021-10-21,2621,4299649
nation,Scotland,S92000003,2021-10-20,2912,4297028
nation,Scotland,S92000003,2021-10-19,2466,4294116
nation,Scotland,S92000003,2021-10-18,2531,4291650
nation,Scotland,S92000003,2021-10-17,3075,4289119
nation,Scotland,S92000003,2021-10-16,3912,4286044
nation,Scotland,S92000003,2021-10-15,3195,4282132
nation,Scotland,S92000003,2021-10-14,3729,4278937
nation,Scotland,S92000003,2021-10-13,5082,4275208
nation,Scotland,S92000003,2021-10-12,4371,4270126
nation,Scotland,S92000003,2021-10-11,4631,4265755
nation,Scotland,S92000003,2021-10-10,7359,4261124
nation,Scotland,S92000003,2021-10-09,7664,4253765
nation,Scotland,S92000003,2021-10-08,5117,4246101
nation,Scotland,S92000003,2021-10-07,5909,4240984
nation,Scotland,S92000003,2021-10-06,5897,4235075
nation,Scotland,S92000003,2021-10-05,5459,4229178
nation,Scotland,S92000003,2021-10-04,5779,4223719
nation,Scotland,S92000003,2021-10-03,9394,4217940
nation,Scotland,S92000003,2021-10-02,8822,4208546
nation,Scotland,S92000003,2021-10-01,5512,4199724
nation,Scotland,S92000003,2021-09-30,4511,4194212
nation,Scotland,S92000003,2021-09-29,2958,4189701
nation,Scotland,S92000003,2021-09-28,2169,4186743
nation,Scotland,S92000003,2021-09-27,2957,4184574
nation,Scotland,S92000003,2021-09-26,4785,4181617
nation,Scotland,S92000003,2021-09-25,4259,4176832
nation,Scotland,S92000003,2021-09-24,4295,4172573
nation,Scotland,S92000003,2021-09-23,2222,4168278
nation,Scotland,S92000003,2021-09-22,2821,4166056
nation,Scotland,S92000003,2021-09-21,2400,4163235
nation,Scotland,S92000003,2021-09-20,3222,4160835
nation,Scotland,S92000003,2021-09-19,2565,4157613
nation,Scotland,S92000003,2021-09-18,3313,4155048
nation,Scotland,S92000003,2021-09-17,1578,4151735
nation,Scotland,S92000003,2021-09-16,1423,4150157
nation,Scotland,S92000003,2021-09-15,1887,4148734
nation,Scotland,S92000003,2021-09-14,1943,4146847
nation,Scotland,S92000003,2021-09-13,2121,4144904
nation,Scotland,S92000003,2021-09-12,2167,4142783
nation,Scotland,S92000003,2021-09-11,2906,4140616
nation,Scotland,S92000003,2021-09-10,2381,4137710
nation,Scotland,S92000003,2021-09-09,1723,4135329
nation,Scotland,S92000003,2021-09-08,2765,4133606
nation,Scotland,S92000003,2021-09-07,1843,4130841
nation,Scotland,S92000003,2021-09-06,2735,4128998
nation,Scotland,S92000003,2021-09-05,4301,4126263
nation,Scotland,S92000003,2021-09-04,4815,4121962
nation,Scotland,S92000003,2021-09-03,2595,4117147
nation,Scotland,S92000003,2021-09-02,3039,4114552
nation,Scotland,S92000003,2021-09-01,2709,4111513
nation,Scotland,S92000003,2021-08-31,2396,4108804
nation,Scotland,S92000003,2021-08-30,2721,4106408
nation,Scotland,S92000003,2021-08-29,2376,4103687
nation,Scotland,S92000003,2021-08-28,3233,4101311
nation,Scotland,S92000003,2021-08-27,2615,4098078
nation,Scotland,S92000003,2021-08-26,3168,4095463
nation,Scotland,S92000003,2021-08-25,3401,4092295
nation,Scotland,S92000003,2021-08-24,3342,4088894
nation,Scotland,S92000003,2021-08-23,2854,4085552
nation,Scotland,S92000003,2021-08-22,3202,4082698
nation,Scotland,S92000003,2021-08-21,3941,4079496
nation,Scotland,S92000003,2021-08-20,4018,4075555
nation,Scotland,S92000003,2021-08-19,2731,4071537
nation,Scotland,S92000003,2021-08-18,2836,4068806
nation,Scotland,S92000003,2021-08-17,4283,4065970
nation,Scotland,S92000003,2021-08-16,3205,4061687
nation,Scotland,S92000003,2021-08-15,3640,4058482
nation,Scotland,S92000003,2021-08-14,4831,4054842
nation,Scotland,S92000003,2021-08-13,5061,4050011
nation,Scotland,S92000003,2021-08-12,5724,4044950
nation,Scotland,S92000003,2021-08-11,4806,4039226
nation,Scotland,S92000003,2021-08-10,4941,4034420
nation,Scotland,S92000003,2021-08-09,2652,4029479
nation,Scotland,S92000003,2021-08-08,1975,4026827
nation,Scotland,S92000003,2021-08-07,1938,4024852
nation,Scotland,S92000003,2021-08-06,2202,4022914
nation,Scotland,S92000003,2021-08-05,2209,4020712
nation,Scotland,S92000003,2021-08-04,2177,4018503
nation,Scotland,S92000003,2021-08-03,2114,4016326
nation,Scotland,S92000003,2021-08-02,1716,4014212
nation,Scotland,S92000003,2021-08-01,1436,4012496
nation,Scotland,S92000003,2021-07-31,1449,4011060
nation,Scotland,S92000003,2021-07-30,2034,4009611
nation,Scotland,S92000003,2021-07-29,2156,4007577
nation,Scotland,S92000003,2021-07-28,2518,4005421
nation,Scotland,S92000003,2021-07-27,2245,4002903
nation,Scotland,S92000003,2021-07-26,2031,4000658
nation,Scotland,S92000003,2021-07-25,1522,3998627
nation,Scotland,S92000003,2021-07-24,2222,3997105
nation,Scotland,S92000003,2021-07-23,2556,3994883
nation,Scotland,S92000003,2021-07-22,2400,3992327
nation,Scotland,S92000003,2021-07-21,2853,3989927
nation,Scotland,S92000003,2021-07-20,2641,3987074
nation,Scotland,S92000003,2021-07-19,2483,3984433
nation,Scotland,S92000003,2021-07-18,5928,3981950
nation,Scotland,S92000003,2021-07-17,5996,3976022
nation,Scotland,S92000003,2021-07-16,6524,3970026
nation,Scotland,S92000003,2021-07-15,6953,3963502
nation,Scotland,S92000003,2021-07-14,8103,3956549
nation,Scotland,S92000003,2021-07-13,6875,3948446
nation,Scotland,S92000003,2021-07-12,7163,3941571
nation,Scotland,S92000003,2021-07-11,5999,3934408
nation,Scotland,S92000003,2021-07-10,8264,3928409
nation,Scotland,S92000003,2021-07-09,8956,3920145
nation,Scotland,S92000003,2021-07-08,10325,3911189
nation,Scotland,S92000003,2021-07-07,10688,3900864
nation,Scotland,S92000003,2021-07-06,10718,3890176
nation,Scotland,S92000003,2021-07-05,10235,3879458
nation,Scotland,S92000003,2021-07-04,11639,3869223
nation,Scotland,S92000003,2021-07-03,13213,3857584
nation,Scotland,S92000003,2021-07-02,12601,3844371
nation,Scotland,S92000003,2021-07-01,15519,3831770
nation,Scotland,S92000003,2021-06-30,16784,3816251
nation,Scotland,S92000003,2021-06-29,17580,3799467
nation,Scotland,S92000003,2021-06-28,16508,3781887
nation,Scotland,S92000003,2021-06-27,17869,3765379
nation,Scotland,S92000003,2021-06-26,17409,3747510
nation,Scotland,S92000003,2021-06-25,20300,3730101
nation,Scotland,S92000003,2021-06-24,14498,3709801
nation,Scotland,S92000003,2021-06-23,13683,3695303
nation,Scotland,S92000003,2021-06-22,17049,3681620
nation,Scotland,S92000003,2021-06-21,17134,3664571
nation,Scotland,S92000003,2021-06-20,16848,3647437
nation,Scotland,S92000003,2021-06-19,19323,3630589
nation,Scotland,S92000003,2021-06-18,19628,3611266
nation,Scotland,S92000003,2021-06-17,19912,3591638
nation,Scotland,S92000003,2021-06-16,19987,3571726
nation,Scotland,S92000003,2021-06-15,20278,3551739
nation,Scotland,S92000003,2021-06-14,13793,3531461
nation,Scotland,S92000003,2021-06-13,20381,3517668
nation,Scotland,S92000003,2021-06-12,19909,3497287
nation,Scotland,S92000003,2021-06-11,18315,3477378
nation,Scotland,S92000003,2021-06-10,17846,3459063
nation,Scotland,S92000003,2021-06-09,18786,3441217
nation,Scotland,S92000003,2021-06-08,18565,3422431
nation,Scotland,S92000003,2021-06-07,17545,3403866
nation,Scotland,S92000003,2021-06-06,20542,3386321
nation,Scotland,S92000003,2021-06-05,19937,3365779
nation,Scotland,S92000003,2021-06-04,19837,3345842
nation,Scotland,S92000003,2021-06-03,20193,3326005
nation,Scotland,S92000003,2021-06-02,19551,3305812
nation,Scotland,S92000003,2021-06-01,18971,3286261
nation,Scotland,S92000003,2021-05-31,16152,3267290
nation,Scotland,S92000003,2021-05-30,16827,3251138
nation,Scotland,S92000003,2021-05-29,18541,3234311
nation,Scotland,S92000003,2021-05-28,19719,3215770
nation,Scotland,S92000003,2021-05-27,21244,3196051
nation,Scotland,S92000003,2021-05-26,19074,3174807
nation,Scotland,S92000003,2021-05-25,17367,3155733
nation,Scotland,S92000003,2021-05-24,16421,3138366
nation,Scotland,S92000003,2021-05-23,13126,3121945
nation,Scotland,S92000003,2021-05-22,12478,3108819
nation,Scotland,S92000003,2021-05-21,14090,3096341
nation,Scotland,S92000003,2021-05-20,18603,3082251
nation,Scotland,S92000003,2021-05-19,12265,3063648
nation,Scotland,S92000003,2021-05-18,6231,3051383
nation,Scotland,S92000003,2021-05-17,9362,3045152
nation,Scotland,S92000003,2021-05-16,15455,3035790
nation,Scotland,S92000003,2021-05-15,16996,3020335
nation,Scotland,S92000003,2021-05-14,17782,3003339
nation,Scotland,S92000003,2021-05-13,17388,2985557
nation,Scotland,S92000003,2021-05-12,19565,2968169
nation,Scotland,S92000003,2021-05-11,19641,2948604
nation,Scotland,S92000003,2021-05-10,19807,2928963
nation,Scotland,S92000003,2021-05-09,11181,2909156
nation,Scotland,S92000003,2021-05-08,14591,2897975
nation,Scotland,S92000003,2021-05-07,6751,2883384
nation,Scotland,S92000003,2021-05-06,15998,2876633
nation,Scotland,S92000003,2021-05-05,13801,2860635
nation,Scotland,S92000003,2021-05-04,13073,2846834
nation,Scotland,S92000003,2021-05-03,8806,2833761
nation,Scotland,S92000003,2021-05-02,7203,2824955
nation,Scotland,S92000003,2021-05-01,6409,2817752
nation,Scotland,S92000003,2021-04-30,9191,2811343
nation,Scotland,S92000003,2021-04-29,5342,2802152
nation,Scotland,S92000003,2021-04-28,6832,2796810
nation,Scotland,S92000003,2021-04-27,7816,2789978
nation,Scotland,S92000003,2021-04-26,8392,2782162
nation,Scotland,S92000003,2021-04-25,2611,2773770
nation,Scotland,S92000003,2021-04-24,6552,2771159
nation,Scotland,S92000003,2021-04-23,6226,2764607
nation,Scotland,S92000003,2021-04-22,3206,2758381
nation,Scotland,S92000003,2021-04-21,2600,2755175
nation,Scotland,S92000003,2021-04-20,2523,2752575
nation,Scotland,S92000003,2021-04-19,2358,2750052
nation,Scotland,S92000003,2021-04-18,3463,2747694
nation,Scotland,S92000003,2021-04-17,10844,2744231
nation,Scotland,S92000003,2021-04-16,11303,2733387
nation,Scotland,S92000003,2021-04-15,13393,2722084
nation,Scotland,S92000003,2021-04-14,13720,2708691
nation,Scotland,S92000003,2021-04-13,12265,2694971
nation,Scotland,S92000003,2021-04-12,13983,2682706
nation,Scotland,S92000003,2021-04-11,11145,2668723
nation,Scotland,S92000003,2021-04-10,14054,2657578
nation,Scotland,S92000003,2021-04-09,17947,2643524
nation,Scotland,S92000003,2021-04-08,16746,2625577
nation,Scotland,S92000003,2021-04-07,14899,2608831
nation,Scotland,S92000003,2021-04-06,16116,2593932
nation,Scotland,S92000003,2021-04-05,12536,2577816
nation,Scotland,S92000003,2021-04-04,11443,2565280
nation,Scotland,S92000003,2021-04-03,17948,2553837
nation,Scotland,S92000003,2021-04-02,20141,2535889
nation,Scotland,S92000003,2021-04-01,22421,2515748
nation,Scotland,S92000003,2021-03-31,27786,2493327
nation,Scotland,S92000003,2021-03-30,27998,2465541
nation,Scotland,S92000003,2021-03-29,27262,2437543
nation,Scotland,S92000003,2021-03-28,24123,2410281
nation,Scotland,S92000003,2021-03-27,27351,2386158
nation,Scotland,S92000003,2021-03-26,35975,2358807
nation,Scotland,S92000003,2021-03-25,37121,2322832
nation,Scotland,S92000003,2021-03-24,36099,2285711
nation,Scotland,S92000003,2021-03-23,34940,2249612
nation,Scotland,S92000003,2021-03-22,32272,2214672
nation,Scotland,S92000003,2021-03-21,37460,2182400
nation,Scotland,S92000003,2021-03-20,34160,2144940
nation,Scotland,S92000003,2021-03-19,44320,2110780
nation,Scotland,S92000003,2021-03-18,43458,2066460
nation,Scotland,S92000003,2021-03-17,41184,2023002
nation,Scotland,S92000003,2021-03-16,38311,1981818
nation,Scotland,S92000003,2021-03-15,34516,1943507
nation,Scotland,S92000003,2021-03-14,20294,1908991
nation,Scotland,S92000003,2021-03-13,21574,1888697
nation,Scotland,S92000003,2021-03-12,22487,1867123
nation,Scotland,S92000003,2021-03-11,18836,1844636
nation,Scotland,S92000003,2021-03-10,16642,1825800
nation,Scotland,S92000003,2021-03-09,19781,1809158
nation,Scotland,S92000003,2021-03-08,14718,1789377
nation,Scotland,S92000003,2021-03-07,14909,1774659
nation,Scotland,S92000003,2021-03-06,15881,1759750
nation,Scotland,S92000003,2021-03-05,26197,1743869
nation,Scotland,S92000003,2021-03-04,29064,1717672
nation,Scotland,S92000003,2021-03-03,26729,1688608
nation,Scotland,S92000003,2021-03-02,27518,1661879
nation,Scotland,S92000003,2021-03-01,22783,1634361
nation,Scotland,S92000003,2021-02-28,17883,1611578
nation,Scotland,S92000003,2021-02-27,23542,1593695
nation,Scotland,S92000003,2021-02-26,27224,1570153
nation,Scotland,S92000003,2021-02-25,26949,1542929
nation,Scotland,S92000003,2021-02-24,27903,1515980
nation,Scotland,S92000003,2021-02-23,22836,1488077
nation,Scotland,S92000003,2021-02-22,19753,1465241
nation,Scotland,S92000003,2021-02-21,13546,1445488
nation,Scotland,S92000003,2021-02-20,19299,1431942
nation,Scotland,S92000003,2021-02-19,26491,1412643
nation,Scotland,S92000003,2021-02-18,31186,1386152
nation,Scotland,S92000003,2021-02-17,34892,1354966
nation,Scotland,S92000003,2021-02-16,32070,1320074
nation,Scotland,S92000003,2021-02-15,32814,1288004
nation,Scotland,S92000003,2021-02-14,31416,1255190
nation,Scotland,S92000003,2021-02-13,50329,1223774
nation,Scotland,S92000003,2021-02-12,59820,1173445
nation,Scotland,S92000003,2021-02-11,64878,1113625
nation,Scotland,S92000003,2021-02-10,63178,1048747
nation,Scotland,S92000003,2021-02-09,57447,985569
nation,Scotland,S92000003,2021-02-08,61299,928122
nation,Scotland,S92000003,2021-02-07,27557,866823
nation,Scotland,S92000003,2021-02-06,52839,839266
nation,Scotland,S92000003,2021-02-05,43915,786427
nation,Scotland,S92000003,2021-02-04,48165,742512
nation,Scotland,S92000003,2021-02-03,45085,694347
nation,Scotland,S92000003,2021-02-02,38484,649262
nation,Scotland,S92000003,2021-02-01,34881,610778
nation,Scotland,S92000003,2021-01-31,9628,575897
nation,Scotland,S92000003,2021-01-30,22899,566269
nation,Scotland,S92000003,2021-01-29,27515,543370
nation,Scotland,S92000003,2021-01-28,24197,515855
nation,Scotland,S92000003,2021-01-27,29566,491658
nation,Scotland,S92000003,2021-01-26,24192,462092
nation,Scotland,S92000003,2021-01-25,22498,437900
nation,Scotland,S92000003,2021-01-24,11364,415402
nation,Scotland,S92000003,2021-01-23,23371,404038
nation,Scotland,S92000003,2021-01-22,22213,380667
nation,Scotland,S92000003,2021-01-21,23583,358454
nation,Scotland,S92000003,2021-01-20,24962,334871
nation,Scotland,S92000003,2021-01-19,25327,309909
nation,Scotland,S92000003,2021-01-18,19591,284582
nation,Scotland,S92000003,2021-01-17,4851,264991
nation,Scotland,S92000003,2021-01-16,18216,260140
nation,Scotland,S92000003,2021-01-15,17084,241924
nation,Scotland,S92000003,2021-01-14,16633,224840
nation,Scotland,S92000003,2021-01-13,16242,208207
nation,Scotland,S92000003,2021-01-12,16023,191965
nation,Scotland,S92000003,2021-01-11,12565,175942
nation,Scotland,S92000003,2021-01-10,,163377
nation,Wales,W92000004,2022-03-23,280,2526623
nation,Wales,W92000004,2022-03-22,321,2526343
nation,Wales,W92000004,2022-03-21,254,2526022
nation,Wales,W92000004,2022-03-20,603,2525768
nation,Wales,W92000004,2022-03-19,418,2525165
nation,Wales,W92000004,2022-03-18,385,2524747
nation,Wales,W92000004,2022-03-17,186,2524362
nation,Wales,W92000004,2022-03-16,246,2524176
nation,Wales,W92000004,2022-03-15,110,2523930
nation,Wales,W92000004,2022-03-14,171,2523820
nation,Wales,W92000004,2022-03-13,227,2523649
nation,Wales,W92000004,2022-03-12,368,2523422
nation,Wales,W92000004,2022-03-11,246,2523054
nation,Wales,W92000004,2022-03-10,247,2522808
nation,Wales,W92000004,2022-03-09,250,2522561
nation,Wales,W92000004,2022-03-08,215,2522311
nation,Wales,W92000004,2022-03-07,211,2522096
nation,Wales,W92000004,2022-03-06,150,2521885
nation,Wales,W92000004,2022-03-05,205,2521735
nation,Wales,W92000004,2022-03-04,229,2521530
nation,Wales,W92000004,2022-03-03,190,2521301
nation,Wales,W92000004,2022-03-02,166,2521111
nation,Wales,W92000004,2022-03-01,179,2520945
nation,Wales,W92000004,2022-02-28,194,2520766
nation,Wales,W92000004,2022-02-27,194,2520572
nation,Wales,W92000004,2022-02-26,434,2520378
nation,Wales,W92000004,2022-02-25,354,2519944
nation,Wales,W92000004,2022-02-24,389,2519590
nation,Wales,W92000004,2022-02-23,448,2519201
nation,Wales,W92000004,2022-02-22,298,2518753
nation,Wales,W92000004,2022-02-21,361,2518455
nation,Wales,W92000004,2022-02-20,244,2518094
nation,Wales,W92000004,2022-02-19,287,2517850
nation,Wales,W92000004,2022-02-18,20,2517563
nation,Wales,W92000004,2022-02-17,234,2517543
nation,Wales,W92000004,2022-02-16,228,2517309
nation,Wales,W92000004,2022-02-15,198,2517081
nation,Wales,W92000004,2022-02-14,222,2516883
nation,Wales,W92000004,2022-02-13,447,2516661
nation,Wales,W92000004,2022-02-12,400,2516214
nation,Wales,W92000004,2022-02-11,277,2515814
nation,Wales,W92000004,2022-02-10,454,2515537
nation,Wales,W92000004,2022-02-09,339,2515083
nation,Wales,W92000004,2022-02-08,366,2514744
nation,Wales,W92000004,2022-02-07,297,2514378
nation,Wales,W92000004,2022-02-06,595,2514081
nation,Wales,W92000004,2022-02-05,865,2513486
nation,Wales,W92000004,2022-02-04,401,2512621
nation,Wales,W92000004,2022-02-03,526,2512220
nation,Wales,W92000004,2022-02-02,352,2511694
nation,Wales,W92000004,2022-02-01,409,2511342
nation,Wales,W92000004,2022-01-31,418,2510933
nation,Wales,W92000004,2022-01-30,735,2510515
nation,Wales,W92000004,2022-01-29,1294,2509780
nation,Wales,W92000004,2022-01-28,579,2508486
nation,Wales,W92000004,2022-01-27,488,2507907
nation,Wales,W92000004,2022-01-26,464,2507419
nation,Wales,W92000004,2022-01-25,632,2506955
nation,Wales,W92000004,2022-01-24,307,2506323
nation,Wales,W92000004,2022-01-23,732,2506016
nation,Wales,W92000004,2022-01-22,948,2505284
nation,Wales,W92000004,2022-01-21,255,2504336
nation,Wales,W92000004,2022-01-20,534,2504081
nation,Wales,W92000004,2022-01-19,568,2503547
nation,Wales,W92000004,2022-01-18,684,2502979
nation,Wales,W92000004,2022-01-17,547,2502295
nation,Wales,W92000004,2022-01-16,642,2501748
nation,Wales,W92000004,2022-01-15,560,2501106
nation,Wales,W92000004,2022-01-14,794,2500546
nation,Wales,W92000004,2022-01-13,629,2499752
nation,Wales,W92000004,2022-01-12,706,2499123
nation,Wales,W92000004,2022-01-11,759,2498417
nation,Wales,W92000004,2022-01-10,776,2497658
nation,Wales,W92000004,2022-01-09,723,2496882
nation,Wales,W92000004,2022-01-08,976,2496159
nation,Wales,W92000004,2022-01-07,896,2495183
nation,Wales,W92000004,2022-01-06,785,2494287
nation,Wales,W92000004,2022-01-05,1062,2493502
nation,Wales,W92000004,2022-01-04,1155,2492440
nation,Wales,W92000004,2022-01-03,366,2491285
nation,Wales,W92000004,2022-01-02,328,2490919
nation,Wales,W92000004,2022-01-01,0,2490591
nation,Wales,W92000004,2021-12-31,368,2490591
nation,Wales,W92000004,2021-12-30,864,2490223
nation,Wales,W92000004,2021-12-29,985,2489359
nation,Wales,W92000004,2021-12-28,813,2488374
nation,Wales,W92000004,2021-12-27,546,2487561
nation,Wales,W92000004,2021-12-26,0,2487015
nation,Wales,W92000004,2021-12-25,0,2487015
nation,Wales,W92000004,2021-12-24,278,2487015
nation,Wales,W92000004,2021-12-23,900,2486737
nation,Wales,W92000004,2021-12-22,1098,2485837
nation,Wales,W92000004,2021-12-21,1183,2484739
nation,Wales,W92000004,2021-12-20,800,2483556
nation,Wales,W92000004,2021-12-19,1339,2482756
nation,Wales,W92000004,2021-12-18,837,2481417
nation,Wales,W92000004,2021-12-17,791,2480580
nation,Wales,W92000004,2021-12-16,782,2479789
nation,Wales,W92000004,2021-12-15,707,2479007
nation,Wales,W92000004,2021-12-14,579,2478300
nation,Wales,W92000004,2021-12-13,573,2477721
nation,Wales,W92000004,2021-12-12,1133,2477148
nation,Wales,W92000004,2021-12-11,913,2476015
nation,Wales,W92000004,2021-12-10,427,2475102
nation,Wales,W92000004,2021-12-09,513,2474675
nation,Wales,W92000004,2021-12-08,579,2474162
nation,Wales,W92000004,2021-12-07,433,2473583
nation,Wales,W92000004,2021-12-06,413,2473150
nation,Wales,W92000004,2021-12-05,833,2472737
nation,Wales,W92000004,2021-12-04,1235,2471904
nation,Wales,W92000004,2021-12-03,436,2470669
nation,Wales,W92000004,2021-12-02,428,2470233
nation,Wales,W92000004,2021-12-01,588,2469805
nation,Wales,W92000004,2021-11-30,483,2469217
nation,Wales,W92000004,2021-11-29,399,2468734
nation,Wales,W92000004,2021-11-28,507,2468335
nation,Wales,W92000004,2021-11-27,1504,2467828
nation,Wales,W92000004,2021-11-26,381,2466324
nation,Wales,W92000004,2021-11-25,381,2465943
nation,Wales,W92000004,2021-11-24,379,2465562
nation,Wales,W92000004,2021-11-23,604,2465183
nation,Wales,W92000004,2021-11-22,358,2464579
nation,Wales,W92000004,2021-11-21,845,2464221
nation,Wales,W92000004,2021-11-20,1019,2463376
nation,Wales,W92000004,2021-11-19,481,2462357
nation,Wales,W92000004,2021-11-18,838,2461876
nation,Wales,W92000004,2021-11-17,489,2461038
nation,Wales,W92000004,2021-11-16,966,2460549
nation,Wales,W92000004,2021-11-15,888,2459583
nation,Wales,W92000004,2021-11-14,637,2458695
nation,Wales,W92000004,2021-11-13,1721,2458058
nation,Wales,W92000004,2021-11-12,780,2456337
nation,Wales,W92000004,2021-11-11,554,2455557
nation,Wales,W92000004,2021-11-10,742,2455003
nation,Wales,W92000004,2021-11-09,858,2454261
nation,Wales,W92000004,2021-11-08,918,2453403
nation,Wales,W92000004,2021-11-07,1127,2452485
nation,Wales,W92000004,2021-11-06,1703,2451358
nation,Wales,W92000004,2021-11-05,776,2449655
nation,Wales,W92000004,2021-11-04,675,2448879
nation,Wales,W92000004,2021-11-03,720,2448204
nation,Wales,W92000004,2021-11-02,1054,2447484
nation,Wales,W92000004,2021-11-01,992,2446430
nation,Wales,W92000004,2021-10-31,2661,2445438
nation,Wales,W92000004,2021-10-30,2289,2442777
nation,Wales,W92000004,2021-10-29,1781,2440488
nation,Wales,W92000004,2021-10-28,1612,2438707
nation,Wales,W92000004,2021-10-27,1699,2437095
nation,Wales,W92000004,2021-10-26,2440,2435396
nation,Wales,W92000004,2021-10-25,3266,2432956
nation,Wales,W92000004,2021-10-24,2831,2429690
nation,Wales,W92000004,2021-10-23,3921,2426859
nation,Wales,W92000004,2021-10-22,1238,2422938
nation,Wales,W92000004,2021-10-21,1142,2421700
nation,Wales,W92000004,2021-10-20,1282,2420558
nation,Wales,W92000004,2021-10-19,1161,2419276
nation,Wales,W92000004,2021-10-18,1322,2418115
nation,Wales,W92000004,2021-10-17,4753,2416793
nation,Wales,W92000004,2021-10-16,5293,2412040
nation,Wales,W92000004,2021-10-15,1412,2406747
nation,Wales,W92000004,2021-10-14,1098,2405335
nation,Wales,W92000004,2021-10-13,1026,2404237
nation,Wales,W92000004,2021-10-12,1440,2403211
nation,Wales,W92000004,2021-10-11,1077,2401771
nation,Wales,W92000004,2021-10-10,5556,2400694
nation,Wales,W92000004,2021-10-09,5238,2395138
nation,Wales,W92000004,2021-10-08,741,2389900
nation,Wales,W92000004,2021-10-07,1413,2389159
nation,Wales,W92000004,2021-10-06,2124,2387746
nation,Wales,W92000004,2021-10-05,488,2385622
nation,Wales,W92000004,2021-10-04,803,2385134
nation,Wales,W92000004,2021-10-03,3839,2384331
nation,Wales,W92000004,2021-10-02,3391,2380492
nation,Wales,W92000004,2021-10-01,393,2377101
nation,Wales,W92000004,2021-09-30,395,2376708
nation,Wales,W92000004,2021-09-29,370,2376313
nation,Wales,W92000004,2021-09-28,449,2375943
nation,Wales,W92000004,2021-09-27,510,2375494
nation,Wales,W92000004,2021-09-26,1864,2374984
nation,Wales,W92000004,2021-09-25,1756,2373120
nation,Wales,W92000004,2021-09-24,653,2371364
nation,Wales,W92000004,2021-09-23,402,2370711
nation,Wales,W92000004,2021-09-22,652,2370309
nation,Wales,W92000004,2021-09-21,564,2369657
nation,Wales,W92000004,2021-09-20,489,2369093
nation,Wales,W92000004,2021-09-19,374,2368604
nation,Wales,W92000004,2021-09-18,823,2368230
nation,Wales,W92000004,2021-09-17,1173,2367407
nation,Wales,W92000004,2021-09-16,834,2366234
nation,Wales,W92000004,2021-09-15,709,2365400
nation,Wales,W92000004,2021-09-14,0,2364691
nation,Wales,W92000004,2021-09-13,722,2368124
nation,Wales,W92000004,2021-09-12,410,2367402
nation,Wales,W92000004,2021-09-11,684,2366992
nation,Wales,W92000004,2021-09-10,1045,2366308
nation,Wales,W92000004,2021-09-09,870,2365263
nation,Wales,W92000004,2021-09-08,770,2364393
nation,Wales,W92000004,2021-09-07,1043,2363623
nation,Wales,W92000004,2021-09-06,793,2362580
nation,Wales,W92000004,2021-09-05,668,2361787
nation,Wales,W92000004,2021-09-04,1302,2361119
nation,Wales,W92000004,2021-09-03,1679,2359817
nation,Wales,W92000004,2021-09-02,2139,2358138
nation,Wales,W92000004,2021-09-01,1942,2355999
nation,Wales,W92000004,2021-08-31,1303,2354057
nation,Wales,W92000004,2021-08-30,48,2352754
nation,Wales,W92000004,2021-08-29,778,2352706
nation,Wales,W92000004,2021-08-28,883,2351928
nation,Wales,W92000004,2021-08-27,1777,2351045
nation,Wales,W92000004,2021-08-26,2268,2349268
nation,Wales,W92000004,2021-08-25,3629,2347000
nation,Wales,W92000004,2021-08-24,4118,2343371
nation,Wales,W92000004,2021-08-23,3680,2339253
nation,Wales,W92000004,2021-08-22,1061,2335573
nation,Wales,W92000004,2021-08-21,3736,2334512
nation,Wales,W92000004,2021-08-20,3596,2330776
nation,Wales,W92000004,2021-08-19,3755,2327180
nation,Wales,W92000004,2021-08-18,3260,2323425
nation,Wales,W92000004,2021-08-17,3497,2320165
nation,Wales,W92000004,2021-08-16,1955,2316668
nation,Wales,W92000004,2021-08-15,1185,2314713
nation,Wales,W92000004,2021-08-14,1187,2313528
nation,Wales,W92000004,2021-08-13,1443,2312341
nation,Wales,W92000004,2021-08-12,1483,2310898
nation,Wales,W92000004,2021-08-11,1911,2309415
nation,Wales,W92000004,2021-08-10,1942,2307504
nation,Wales,W92000004,2021-08-09,1291,2305562
nation,Wales,W92000004,2021-08-08,1274,2304271
nation,Wales,W92000004,2021-08-07,1549,2302997
nation,Wales,W92000004,2021-08-06,1311,2301448
nation,Wales,W92000004,2021-08-05,933,2300137
nation,Wales,W92000004,2021-08-04,817,2299204
nation,Wales,W92000004,2021-08-03,989,2298387
nation,Wales,W92000004,2021-08-02,881,2297398
nation,Wales,W92000004,2021-08-01,594,2296517
nation,Wales,W92000004,2021-07-31,1007,2295923
nation,Wales,W92000004,2021-07-30,989,2294916
nation,Wales,W92000004,2021-07-29,1355,2293927
nation,Wales,W92000004,2021-07-28,1154,2292572
nation,Wales,W92000004,2021-07-27,1205,2291418
nation,Wales,W92000004,2021-07-26,1071,2290213
nation,Wales,W92000004,2021-07-25,923,2289142
nation,Wales,W92000004,2021-07-24,1208,2288219
nation,Wales,W92000004,2021-07-23,857,2287011
nation,Wales,W92000004,2021-07-22,1036,2286154
nation,Wales,W92000004,2021-07-21,1053,2285118
nation,Wales,W92000004,2021-07-20,1073,2284065
nation,Wales,W92000004,2021-07-19,582,2282992
nation,Wales,W92000004,2021-07-18,766,2282410
nation,Wales,W92000004,2021-07-17,970,2281644
nation,Wales,W92000004,2021-07-16,1535,2280674
nation,Wales,W92000004,2021-07-15,935,2279139
nation,Wales,W92000004,2021-07-14,1149,2278204
nation,Wales,W92000004,2021-07-13,1291,2277055
nation,Wales,W92000004,2021-07-12,1343,2275764
nation,Wales,W92000004,2021-07-11,860,2274421
nation,Wales,W92000004,2021-07-10,1636,2273561
nation,Wales,W92000004,2021-07-09,1408,2271925
nation,Wales,W92000004,2021-07-08,1386,2270517
nation,Wales,W92000004,2021-07-07,1491,2269131
nation,Wales,W92000004,2021-07-06,1584,2267640
nation,Wales,W92000004,2021-07-05,1082,2266056
nation,Wales,W92000004,2021-07-04,1199,2264974
nation,Wales,W92000004,2021-07-03,1491,2263775
nation,Wales,W92000004,2021-07-02,1228,2262284
nation,Wales,W92000004,2021-07-01,1434,2261056
nation,Wales,W92000004,2021-06-30,1885,2259622
nation,Wales,W92000004,2021-06-29,2698,2257737
nation,Wales,W92000004,2021-06-28,1825,2255039
nation,Wales,W92000004,2021-06-27,944,2253214
nation,Wales,W92000004,2021-06-26,2144,2252270
nation,Wales,W92000004,2021-06-25,2114,2250126
nation,Wales,W92000004,2021-06-24,2128,2248012
nation,Wales,W92000004,2021-06-23,3402,2245884
nation,Wales,W92000004,2021-06-22,3211,2242482
nation,Wales,W92000004,2021-06-21,1561,2239271
nation,Wales,W92000004,2021-06-20,1619,2237710
nation,Wales,W92000004,2021-06-19,3055,2236091
nation,Wales,W92000004,2021-06-18,4504,2233036
nation,Wales,W92000004,2021-06-17,3033,2228532
nation,Wales,W92000004,2021-06-16,3218,2225499
nation,Wales,W92000004,2021-06-15,4178,2222281
nation,Wales,W92000004,2021-06-14,2072,2218103
nation,Wales,W92000004,2021-06-13,2981,2216031
nation,Wales,W92000004,2021-06-12,5700,2213050
nation,Wales,W92000004,2021-06-11,5685,2207350
nation,Wales,W92000004,2021-06-10,6180,2201665
nation,Wales,W92000004,2021-06-09,5025,2195485
nation,Wales,W92000004,2021-06-08,5033,2190460
nation,Wales,W92000004,2021-06-07,1972,2185427
nation,Wales,W92000004,2021-06-06,3625,2183455
nation,Wales,W92000004,2021-06-05,4817,2179830
nation,Wales,W92000004,2021-06-04,5389,2175013
nation,Wales,W92000004,2021-06-03,8596,2169624
nation,Wales,W92000004,2021-06-02,8319,2161028
nation,Wales,W92000004,2021-06-01,5435,2152709
nation,Wales,W92000004,2021-05-31,1203,2147274
nation,Wales,W92000004,2021-05-30,4644,2146071
nation,Wales,W92000004,2021-05-29,6068,2141427
nation,Wales,W92000004,2021-05-28,7296,2135359
nation,Wales,W92000004,2021-05-27,8014,2128063
nation,Wales,W92000004,2021-05-26,7402,2120049
nation,Wales,W92000004,2021-05-25,7328,2112647
nation,Wales,W92000004,2021-05-24,6056,2105319
nation,Wales,W92000004,2021-05-23,7439,2099263
nation,Wales,W92000004,2021-05-22,10788,2091824
nation,Wales,W92000004,2021-05-21,11347,2081036
nation,Wales,W92000004,2021-05-20,11583,2069689
nation,Wales,W92000004,2021-05-19,12095,2058106
nation,Wales,W92000004,2021-05-18,10106,2046011
nation,Wales,W92000004,2021-05-17,8102,2035905
nation,Wales,W92000004,2021-05-16,8643,2027803
nation,Wales,W92000004,2021-05-15,13221,2019160
nation,Wales,W92000004,2021-05-14,15156,2005939
nation,Wales,W92000004,2021-05-13,14963,1990783
nation,Wales,W92000004,2021-05-12,14150,1975820
nation,Wales,W92000004,2021-05-11,12987,1961670
nation,Wales,W92000004,2021-05-10,13680,1948683
nation,Wales,W92000004,2021-05-09,12122,1935003
nation,Wales,W92000004,2021-05-08,13222,1922881
nation,Wales,W92000004,2021-05-07,13661,1909659
nation,Wales,W92000004,2021-05-06,11626,1895998
nation,Wales,W92000004,2021-05-05,11220,1884372
nation,Wales,W92000004,2021-05-04,8752,1873152
nation,Wales,W92000004,2021-05-03,3009,1864400
nation,Wales,W92000004,2021-05-02,6704,1861391
nation,Wales,W92000004,2021-05-01,7791,1854687
nation,Wales,W92000004,2021-04-30,15932,1846896
nation,Wales,W92000004,2021-04-29,14513,1830964
nation,Wales,W92000004,2021-04-28,16023,1816451
nation,Wales,W92000004,2021-04-27,15081,1800428
nation,Wales,W92000004,2021-04-26,7972,1785347
nation,Wales,W92000004,2021-04-25,8790,1777375
nation,Wales,W92000004,2021-04-24,10479,1768585
nation,Wales,W92000004,2021-04-23,15833,1758106
nation,Wales,W92000004,2021-04-22,14818,1742273
nation,Wales,W92000004,2021-04-21,15083,1727455
nation,Wales,W92000004,2021-04-20,13280,1712372
nation,Wales,W92000004,2021-04-19,6629,1699092
nation,Wales,W92000004,2021-04-18,7165,1692463
nation,Wales,W92000004,2021-04-17,12019,1685298
nation,Wales,W92000004,2021-04-16,16251,1673279
nation,Wales,W92000004,2021-04-15,16983,1657028
nation,Wales,W92000004,2021-04-14,18763,1640045
nation,Wales,W92000004,2021-04-13,18343,1621282
nation,Wales,W92000004,2021-04-12,15088,1602939
nation,Wales,W92000004,2021-04-11,15099,1587851
nation,Wales,W92000004,2021-04-10,16436,1572752
nation,Wales,W92000004,2021-04-09,19194,1556316
nation,Wales,W92000004,2021-04-08,17362,1537122
nation,Wales,W92000004,2021-04-07,17119,1519760
nation,Wales,W92000004,2021-04-06,9449,1502641
nation,Wales,W92000004,2021-04-05,2820,1493192
nation,Wales,W92000004,2021-04-04,7171,1490372
nation,Wales,W92000004,2021-04-03,10558,1483201
nation,Wales,W92000004,2021-04-02,11763,1472643
nation,Wales,W92000004,2021-04-01,16995,1460880
nation,Wales,W92000004,2021-03-31,16702,1443885
nation,Wales,W92000004,2021-03-30,13473,1427183
nation,Wales,W92000004,2021-03-29,12960,1413710
nation,Wales,W92000004,2021-03-28,13167,1400750
nation,Wales,W92000004,2021-03-27,22228,1387583
nation,Wales,W92000004,2021-03-26,23735,1365355
nation,Wales,W92000004,2021-03-25,21432,1341620
nation,Wales,W92000004,2021-03-24,17214,1320188
nation,Wales,W92000004,2021-03-23,14724,1302974
nation,Wales,W92000004,2021-03-22,15064,1288250
nation,Wales,W92000004,2021-03-21,14417,1273186
nation,Wales,W92000004,2021-03-20,26939,1258769
nation,Wales,W92000004,2021-03-19,27729,1231830
nation,Wales,W92000004,2021-03-18,23946,1204101
nation,Wales,W92000004,2021-03-17,22904,1180155
nation,Wales,W92000004,2021-03-16,17385,1157251
nation,Wales,W92000004,2021-03-15,16935,1139866
nation,Wales,W92000004,2021-03-14,9433,1122931
nation,Wales,W92000004,2021-03-13,29169,1113498
nation,Wales,W92000004,2021-03-12,27542,1084329
nation,Wales,W92000004,2021-03-11,22646,1056787
nation,Wales,W92000004,2021-03-10,14931,1034141
nation,Wales,W92000004,2021-03-09,11819,1019210
nation,Wales,W92000004,2021-03-08,9095,1007391
nation,Wales,W92000004,2021-03-07,3237,998296
nation,Wales,W92000004,2021-03-06,11640,995059
nation,Wales,W92000004,2021-03-05,16377,983419
nation,Wales,W92000004,2021-03-04,15502,967042
nation,Wales,W92000004,2021-03-03,9523,951540
nation,Wales,W92000004,2021-03-02,8532,942017
nation,Wales,W92000004,2021-03-01,7816,933485
nation,Wales,W92000004,2021-02-28,2054,925669
nation,Wales,W92000004,2021-02-27,7279,923615
nation,Wales,W92000004,2021-02-26,14002,916336
nation,Wales,W92000004,2021-02-25,13064,902334
nation,Wales,W92000004,2021-02-24,10764,889270
nation,Wales,W92000004,2021-02-23,8853,878506
nation,Wales,W92000004,2021-02-22,7405,869653
nation,Wales,W92000004,2021-02-21,2165,862248
nation,Wales,W92000004,2021-02-20,6179,860083
nation,Wales,W92000004,2021-02-19,14839,853904
nation,Wales,W92000004,2021-02-18,16432,839065
nation,Wales,W92000004,2021-02-17,15282,822633
nation,Wales,W92000004,2021-02-16,11424,807351
nation,Wales,W92000004,2021-02-15,11118,795927
nation,Wales,W92000004,2021-02-14,13158,784809
nation,Wales,W92000004,2021-02-13,22206,771651
nation,Wales,W92000004,2021-02-12,33501,749445
nation,Wales,W92000004,2021-02-11,31847,715944
nation,Wales,W92000004,2021-02-10,28678,684097
nation,Wales,W92000004,2021-02-09,26659,655419
nation,Wales,W92000004,2021-02-08,24784,628760
nation,Wales,W92000004,2021-02-07,14354,603976
nation,Wales,W92000004,2021-02-06,32625,589622
nation,Wales,W92000004,2021-02-05,33955,556997
nation,Wales,W92000004,2021-02-04,32472,523042
nation,Wales,W92000004,2021-02-03,28073,490570
nation,Wales,W92000004,2021-02-02,22857,462497
nation,Wales,W92000004,2021-02-01,23334,439640
nation,Wales,W92000004,2021-01-31,12843,416306
nation,Wales,W92000004,2021-01-30,25263,403463
nation,Wales,W92000004,2021-01-29,15947,378200
nation,Wales,W92000004,2021-01-28,26182,362253
nation,Wales,W92000004,2021-01-27,23766,336071
nation,Wales,W92000004,2021-01-26,22739,312305
nation,Wales,W92000004,2021-01-25,18733,289566
nation,Wales,W92000004,2021-01-24,6295,270833
nation,Wales,W92000004,2021-01-23,23991,264538
nation,Wales,W92000004,2021-01-22,28230,240547
nation,Wales,W92000004,2021-01-21,21882,212317
nation,Wales,W92000004,2021-01-20,14619,190435
nation,Wales,W92000004,2021-01-19,13884,175816
nation,Wales,W92000004,2021-01-18,10195,161932
nation,Wales,W92000004,2021-01-17,25362,151737
nation,Wales,W92000004,2021-01-16,0,126375
nation,Wales,W92000004,2021-01-15,0,126375
nation,Wales,W92000004,2021-01-14,13402,126375
nation,Wales,W92000004,2021-01-13,11602,112973
nation,Wales,W92000004,2021-01-12,10132,101371
nation,Wales,W92000004,2021-01-11,5200,91239
nation,Wales,W92000004,2021-01-10,,86039
